s,sim_x_interp,sim_y_interp,real_x_interp,real_y_interp,sim_x_norm,sim_y_norm,real_x_norm,real_y_norm,point_error_sq
0.0,0.0,0.0,0.0,0.0,0.0,0.9999213877491976,0.0,0.9999213877491976,0.0
0.002004008016032064,0.010599398441727331,0.0005271620526957641,7.1069861018851475,-0.41805800599324394,3.046773602143463e-05,0.9999226734092252,0.020428874114949674,0.9989018142333136,0.0004171371362569433
0.004008016032064128,0.021208173769013187,0.0008086931378806931,14.213972203770295,-0.8361160119864879,6.09624256926892e-05,0.9999233600164286,0.04085774822989935,0.9978822407174298,0.0016685438999470635
0.0060120240480961915,0.031820612971738514,0.0008503790337244743,21.31999828339827,-1.2699998927123919,9.146764709273187e-05,0.9999234616813526,0.06128386278213733,0.9968240705414847,0.0037541154478013213
0.008016032064128256,0.04243139639305973,0.000657781576676005,28.425405368695763,-1.7140878355434852,0.0001219681089858075,0.9999229919683853,0.08170819804888438,0.9957410143656839,0.006673801852475499
0.01002004008016032,0.05303555720742459,0.0002361182564747012,35.52533682504679,-1.7704239249957463,0.00015244953434189197,0.9999219636021115,0.10211679374152169,0.9956036200711827,0.010415375580451355
0.012024048096192383,0.06362842769882068,-0.00040985881912843243,42.615370755114505,-1.1258753858986814,0.00018289850591470753,0.9999203881721264,0.12249693921410895,0.9971755660948063,0.014968258602601942
0.014028056112224447,0.07420562986952979,-0.0012753778714673784,49.72893222699903,-1.0,0.00021330243924679506,0.9999182773159997,0.14294471408446335,0.9974825550961508,0.02037818861296852
0.01603206412825651,0.08476301569874964,-0.002356151989322357,56.84820353442676,-1.0,0.00024364941094424602,0.9999156414887905,0.16340890175060163,0.9974825550961508,0.026628819480458123
0.018036072144288574,0.09529663789271063,-0.0036482037957453945,63.86526504828906,-2.099737196554199,0.00027392807459856067,0.9999124903906556,0.1835792896293013,0.9948004801114243,0.033626988223795264
0.02004008016032064,0.10580273522358005,-0.005147742675567027,70.86259880759933,-3.411737276424874,0.0003041276186436531,0.999908833266271,0.20369297051455304,0.9916007314758355,0.041436045969897146
0.022044088176352703,0.11627771340179048,-0.006851159834154602,77.91721667456363,-4.279801191040259,0.00033423771137378294,0.999904678916883,0.22397131329829098,0.98948366885594,0.05012213902775879
0.024048096192384766,0.12671809079492746,-0.008755212945674357,85.01839577661275,-4.7870282697580535,0.0003642483449137004,0.9999000352499813,0.24438349532084944,0.9882466268938536,0.05968119482101739
0.026052104208416832,0.13712049809476307,-0.010856853929602464,92.04986744690592,-5.809973489381184,0.00039414983426154174,0.9998949096993247,0.2645953048749939,0.9857518346899583,0.07000227689557764
0.028056112224448895,0.14748168287667046,-0.013153129739592406,99.03088731597038,-7.206177463194075,0.00042393283039476523,0.999889309466899,0.28466209184412156,0.9823467268483098,0.08109907324444267
0.03006012024048096,0.15779847738784566,-0.01564127179012513,106.0033736025127,-8.643580057681291,0.00045358822767810835,0.9998832413048208,0.30470434921932643,0.9788411424653002,0.09301129548756927
0.03206412825651302,0.1680677446635189,-0.018318831138086585,112.96461427338755,-10.135274487154476,0.0004831070089758308,0.9998767111856525,0.32471428132140956,0.975203149382333,0.10573463904808199
0.03406813627254509,0.1782864046380762,-0.021183481631561318,119.87714527570077,-11.822041507343078,0.0005124803207075553,0.9998697247824894,0.3445841985602354,0.9710894068954143,0.11921365398998215
0.03607214428857715,0.18845142449707478,-0.024233012939764622,126.72249512754472,-13.777855750727062,0.0005416994451153493,0.9998622874859584,0.36426100507024334,0.9663195032553555,0.13341685165836603
0.038076152304609215,0.19855980982626353,-0.027465323377613145,133.45466788055867,-16.05200052023944,0.0005707557748217808,0.9998544044217178,0.38361248651677887,0.9607732447337131,0.14824830453235327
0.04008016032064128,0.2086085965147399,-0.030878412573554656,139.99831072013106,-18.85641888005616,0.0005996407895557217,0.999846080468339,0.4024220429034668,0.9539337376649881,0.16356918606228607
0.04208416833667334,0.2185948433669525,-0.03447037402865532,146.57986198639077,-21.564236423710987,0.0006283460349157134,0.9998373202754538,0.4213405662229148,0.9473298238210296,0.1797558093994268
0.044088176352705406,0.22851556538276474,-0.038239541299533795,153.28437815661005,-23.958706484503583,0.0006568629305849872,0.9998281279072387,0.4406125494348594,0.9414901120500256,0.19696433018160384
0.04609218436873747,0.23836776375548402,-0.042184352971187715,159.96516603384353,-26.41364258593294,0.0006851828565601354,0.9998185071717239,0.4598163261942487,0.9355029337247162,0.21493789977039057
0.04809619238476953,0.24814858642350712,-0.0463029542447056,166.5088088734159,-29.21806094574966,0.0007132976146532587,0.9998084625924532,0.4786258825809365,0.9286634266559912,0.23346205500755535
0.0501002004008016,0.2578549156868511,-0.050594171608736985,173.05024475563627,-32.02705486841954,0.0007411982431048198,0.9997979970314244,0.49742909511760497,0.9218127605551738,0.2527805640098708
0.052104208416833664,0.2674839078418107,-0.0550562201373296,179.31855739433155,-35.4023001354093,0.0007688765677515122,0.9997871148417734,0.5154472209410236,0.9135811021859974,0.27232527478482027
0.05410821643286573,0.27703251597569645,-0.05968779228459194,185.58687003302683,-38.77754540239906,0.0007963238303103055,0.9997758192123857,0.5334653467644421,0.905349443816821,0.29265262836394684
0.05611222444889779,0.28649768451994295,-0.06448757896778774,191.77386605995136,-42.299352034257915,0.0008235312476170459,0.9997641133358951,0.5512497297886624,0.8967603468053268,0.3135787759598301
0.058116232464929855,0.29587650094370604,-0.06945398189810542,197.9551245495489,-45.83149974259938,0.0008504904476663405,0.9997520011102604,0.5690176203889349,0.8881460296388393,0.335269780413778
0.06012024048096192,0.3051659027220421,-0.07458568594354077,203.9169924545704,-49.711764007010274,0.0008771926272980805,0.9997394857428686,0.5861548776138134,0.8786827144483431,0.3572047104194296
0.06212424849699398,0.31436271833203766,-0.07988152795251821,209.77040173373106,-53.764124277198434,0.0009036286700399071,0.9997265700704517,0.6029803729212452,0.8687996858994986,0.37963825496684545
0.06412825651302605,0.32346402486403397,-0.08533987420151673,215.65527056538787,-57.77018037692524,0.000929790174052755,0.9997132580773881,0.6198962980154309,0.8590295854735476,0.4029114335666555
0.06613226452905811,0.33246674850235214,-0.0909593298668863,221.57886235220406,-61.71924156813604,0.0009556683037215465,0.9996995531654189,0.6369235313864261,0.8493984860915426,0.42704553363752756
0.06813627254509018,0.34136780140912315,-0.09673848080724605,227.47280515018207,-65.71194202704912,0.0009812541831247296,0.9996854587833988,0.6538655393957943,0.8396609578385104,0.451865730780319
0.07014028056112225,0.35016392739948493,-0.10267611326157969,233.32621442934277,-69.7643022972373,0.0010065384524310496,0.9996709778914874,0.6706910347032262,0.8297779292896658,0.47734097248190227
0.0721442885771543,0.35885217853586865,-0.10877050072558767,239.01450723080154,-74.01450723080154,0.0010315126378592683,0.9996561147003398,0.6870419063531865,0.8194123907155486,0.5030980603213638
0.07414829659318636,0.36742944164664476,-0.1150201252838505,244.0485922493905,-79.0485922493905,0.0010561677906664995,0.9996408729118977,0.701512272223387,0.8071350997940001,0.5276972269207816
0.07615230460921843,0.3758925338801985,-0.12142350871484864,249.0865162453035,-84.07865113209408,0.0010804947618162837,0.9996252561312964,0.7159936731488639,0.7948676279441144,0.5530265389323108
0.0781563126252505,0.3842381782521052,-0.1279792268617024,254.35435037904722,-88.8675912536793,0.0011044841316894846,0.9996092678318156,0.7311359456725346,0.7831882044021063,0.5797840115355086
0.08016032064128256,0.39246338734539876,-0.13468542698544306,259.62218451279097,-93.65653137526449,0.0011281273130222104,0.9995929125319759,0.7462782181962054,0.7715087808600983,0.6072710290637306
0.08216432865731463,0.4005648363396079,-0.14154062149488308,264.46564005948136,-98.87160733761606,0.0011514147486916685,0.9995761938597634,0.7602006238722834,0.7587900833149956,0.6341336529024273
0.08416833667334668,0.40853924600281677,-0.14854318712038136,269.27630701900716,-104.11960765709873,0.0011743370126183592,0.9995591157740609,0.774028779480894,0.7459910887726411,0.6616007335603419
0.08617234468937875,0.4163834273994071,-0.15569132819483134,274.07303200667695,-109.38033520734463,0.0011968849382774887,0.9995416826541998,0.7878168592002488,0.7331610546443185,0.6897296228868431
0.08817635270541081,0.4240938955955721,-0.16298349901291329,278.86197212826215,-114.64816934108835,0.0012190485083040288,0.9995238982698971,0.801582561494495,0.7203136887481096,0.7185400940207972
0.09018036072144288,0.431667277301656,-0.1704179398887058,283.4955042484867,-120.05006074815044,0.001240818026251589,0.9995057669127321,0.8149015469314491,0.7071393795963536,0.7475218861949678
0.09218436873747494,0.43910014206801395,-0.17799286618127985,288.0036958794442,-125.56007274154291,0.0012621836313686575,0.9994872929351454,0.8278602439085645,0.6937013824281884,0.7767693763185914
0.09418837675350701,0.44638878810212795,-0.1857066592518501,292.4185619820852,-131.14413057671072,0.0012831346829346435,0.9994684802847259,0.8405506787218938,0.6800827998432791,0.8063772233482323
0.09619238476953906,0.4535294356992144,-0.19355765046249543,296.7592583076323,-136.787035799922,0.0013036603162718753,0.9994493330310027,0.8530279141539858,0.666320698326863,0.8364088918352548
0.09819639278557113,0.46051833086241756,-0.2015440255197837,300.855304400746,-142.58842245852824,0.0013237497405995502,0.9994298555987334,0.864801907912473,0.6521720871109039,0.8661824874150379
0.1002004008016032,0.46735145929873323,-0.20966407120835123,304.2305496677357,-148.85673509722352,0.0013433914169213525,0.999410052166164,0.8745039756635444,0.6368847215681478,0.8938340212071051
0.10220440881763526,0.4740244625704418,-0.217916205877235,307.6057949347255,-155.12504773591877,0.001362572817004606,0.999389926590676,0.8842060434146161,0.6215973560253917,0.922139819951161
0.10420841683366733,0.4805331265156715,-0.2262985611122485,310.98104020171525,-161.39336037461408,0.0013812818273343632,0.9993694834290197,0.8939081111656876,0.6063099904826356,0.9510999060840426
0.1062124248496994,0.48687286519684325,-0.2348093902328504,314.36718486667286,-167.65568726191583,0.001399505265734641,0.9993487269410558,0.9036415089947727,0.591037223185831,0.9807589173918426
0.10821643286573146,0.49303858244471954,-0.24344711726437035,317.84568481182185,-173.86729430682476,0.0014172284833798574,0.9993276609703231,0.9136403800309014,0.5758881530968113,1.0114520950474544
0.11022044088176351,0.49902525074524673,-0.25220988258424476,321.32418475697085,-180.07890135173366,0.0014344370287922353,0.9993062900521301,0.92363925106703,0.5607390830077918,1.0428029141299724
0.11222444889779558,0.5048273834686722,-0.26109590334589444,324.80268470211985,-186.2905083966426,0.0014511151307760916,0.9992846185345409,0.9336381221031587,0.5455900129187722,1.0748114111329767
0.11422845691382764,0.5104391088084894,-0.27010337215946445,328.15809830295274,-192.55334406033467,0.001467245910953696,0.9992626508254772,0.943283184169176,0.5303160048014939,1.1069282183743587
0.11623246492985971,0.5158542435722959,-0.2792303714353521,330.11391254633673,-199.39869391217863,0.0014828115958754587,0.9992403916016187,0.9489051288863212,0.5136213420612875,1.1334349085764526
0.11823647294589178,0.5210659131662017,-0.28847505126933526,332.09111224523826,-206.23689183761945,0.0014977924246735296,0.9992178453745726,0.954588545621618,0.4969441216727254,1.1606608773508384
0.12024048096192384,0.526067227730384,-0.2978351926746754,334.6467817045287,-212.88163243177462,0.0015121685925984737,0.9991950175560762,0.9619347608688121,0.48073871134067403,1.191208497209081
0.1222444889779559,0.5308502343221903,-0.3073087358305627,337.11816679665344,-219.55144505104937,0.0015259172390928108,0.9991719131696875,0.9690387025696673,0.464472154535083,1.2219848216620308
0.12424849699398796,0.5354067209836028,-0.31689327116478616,338.6098612261266,-226.5126857219242,0.001539014759065131,0.9991485380919501,0.9733265451629708,0.44749485348123585,1.2486927919930992
0.12625250501002003,0.5397276595623284,-0.32658626006947605,340.1089860828344,-233.47227302561572,0.001551435201291661,0.9991248985141038,0.9776357463547604,0.4305215847132629,1.276050310945239
0.1282565130260521,0.5438036565505187,-0.33638475162959136,341.70982191707725,-240.40922830733464,0.0015631515643421763,0.9991010016329364,0.9822373134983591,0.41360351165948117,1.3045291226502027
0.13026052104208416,0.5476239451769933,-0.3462857214962378,343.31065775132004,-247.34618358905357,0.0015741328993714263,0.9990768548243287,0.9868388806419577,0.39668543860569944,1.333622041478148
0.13226452905811623,0.5511773134198951,-0.35628556721777505,344.9114935855629,-254.2831388707725,0.0015843469776709526,0.9990524668740577,0.9914404477855564,0.3797673655519177,1.363329137026164
0.1342685370741483,0.5544513999810806,-0.36638027583043303,346.18921433714587,-261.27057204575044,0.0015937582669630712,0.9990278475690701,0.9951132277817385,0.36272618536379886,1.391960741630112
0.13627254509018036,0.5574330724298893,-0.3765651561417407,346.78043763908016,-268.36525166896206,0.0016023290183667597,0.9990030083503995,0.9968126860662898,0.3454234490358044,1.4176098951293148
0.13827655310621242,0.5601077490884888,-0.38683489680293315,347.3432467727108,-275.4622080452405,0.0016100173171721044,0.9989779621715366,0.9984304684534869,0.32811516008808767,1.4437079110228628
0.1402805611222445,0.5624598744831344,-0.39718323983514464,347.8892699566011,-282.56050943581397,0.0016167784495144126,0.9989527242946448,1.0,0.31080359087558945,1.4703182868989226
0.14228456913827653,0.5644722403207102,-0.40760294120971907,347.5286730391244,-289.65592353050766,0.0016225629505363234,0.9989273123866974,0.998963472148705,0.2934990632945618,1.4923179037774257
0.1442885771543086,0.5661266983094246,-0.41808537987082406,347.0,-296.7532049055542,0.0016273186533751055,0.9989017474730072,0.9974438132089788,0.2761899817292373,1.5139627871734884
0.14629258517034066,0.5674030760331589,-0.4286204828865836,347.0,-303.8724762129819,0.0016309875728674874,0.9988760541197692,0.9974438132089788,0.2588272703987832,1.5393153859882869
0.14829659318637273,0.5682802003320625,-0.43919624573512067,346.4648199338278,-310.94349036394703,0.0016335088472345094,0.9988502616040033,0.9959054499641482,0.2415822501972533,1.5620315339923292
0.1503006012024048,0.5687350985557702,-0.449798491294311,345.191285966334,-317.9479271851628,0.0016348164421015902,0.9988244045013379,0.9922447047860843,0.22449960096146873,1.5808868522619348
0.15230460921843686,0.5687430810185823,-0.46041040362263375,343.91775199884023,-324.9523640063786,0.0016348393875141149,0.9987985238230402,0.9885839596080204,0.20741695172568417,1.600353358559314
0.15430861723446893,0.5682782000514955,-0.4710120285626469,342.60994821408445,-331.9502589295776,0.0016335030974723302,0.9987726682339612,0.9848247065993866,0.19035025708439585,1.6202117374924192
0.156312625250501,0.5673136797308138,-0.481579798513129,341.2137442402716,-338.9312787986421,0.0016307306051767155,0.9987468952115361,0.9808113492055611,0.17332471787615272,1.6401164546797165
0.15831663326653306,0.5658217094354665,-0.49208595722769743,339.0933409702411,-345.7199770892767,0.0016264419696130677,0.998721272448605,0.9747162969773191,0.15676821881326988,1.655788810444784
0.16032064128256512,0.5637741327559613,-0.5024979560947883,336.51279258733143,-352.34621667850433,0.0016205562558060263,0.9986958793257844,0.9672985678153027,0.14060792933615,1.6688489519269167
0.1623246492985972,0.5611437128949481,-0.5127780165289202,333.5472656480695,-358.8149218334748,0.001612995172184961,0.9986708079787223,0.958774226321149,0.12483183998127573,1.679752164405443
0.16432865731462926,0.5579053896038414,-0.5228828745785501,330.08984186247443,-365.03828464754605,0.001603686683620451,0.9986461639209565,0.948835938238776,0.10965409953856137,1.687555828921122
0.16633266533066132,0.5540371566596449,-0.5327635475938386,325.827294720881,-370.70148949230554,0.0015925675337119787,0.9986220666129727,0.9365833409047877,0.09584249064226895,1.6892187090788862
0.16833667334669336,0.5495220987923066,-0.5423656879839709,321.19413436871446,-376.1068432364998,0.0015795890998904884,0.99859864859945,0.9232654241068808,0.08265973742965908,1.6884488674474352
0.17034068136272543,0.544350664547113,-0.5516306269741457,316.5609740165479,-381.5121969806941,0.0015647239267109914,0.9985760529637124,0.909947507308974,0.06947698421704908,1.6883843606912246
0.1723446893787575,0.5385222177514664,-0.5604967623157554,311.92781366438135,-386.9175507248885,0.0015479701855094484,0.9985544299433349,0.8966295905110672,0.05629423100443894,1.6890253895489935
0.17434869739478956,0.5320469977695659,-0.5689019800015317,306.6260542319022,-391.64495480674816,0.001529357309111426,0.9985339310239868,0.8813898004676992,0.04476488356545273,1.683829795325186
0.17635270541082163,0.524946738403041,-0.5767861642080087,301.2017254192764,-396.25566392633453,0.0015089477708482577,0.9985147028181016,0.8657976874562733,0.03352013561090471,1.6782095402864254
0.1783567134268537,0.517255413883387,-0.5840948284666816,295.33231951286893,-400.14329163734186,0.0014868392288957754,0.9984968782090573,0.84892621019818,0.024038862206410362,1.667721912420631
0.18036072144288576,0.5090175513362543,-0.5907814475514354,288.8481440394047,-403.07592798029765,0.0014631596754902897,0.9984805706640949,0.8302875914380409,0.01688665293369796,1.6504765580118241
0.18236472945891782,0.5002869411976202,-0.5968106413745804,282.43298418629803,-406.12600351415597,0.001438063730048445,0.9984658664693274,0.8118473565497761,0.00944802912746507,1.6349195044689457
0.1843687374749499,0.49112303409086305,-0.6021585439348178,275.4832436580482,-407.67039029821154,0.0014117222820701836,0.9984528238299383,0.7918704813529158,0.0056815282095763605,1.6104198951995532
0.18637274549098196,0.48158864583699035,-0.6068142862325172,268.43440448399934,-408.61839950177784,0.0013843158942414872,0.9984414692535984,0.771608749293953,0.0033694924085299533,1.5834139169082593
0.18837675350701402,0.4717464004369044,-0.6107784541876528,261.35867652881836,-409.40459149679793,0.0013560245778656938,0.9984318013113473,0.7512697260292698,0.0014521016995109322,1.5563390810626532
0.1903807615230461,0.4616562478587373,-0.614061342050257,254.27238200358872,-410.0,0.0013270206577981798,0.9984237948972317,0.7309003293930537,0.0,1.5291272870358976
0.19238476953907813,0.4513739819191421,-0.6166819561622569,247.15311069616106,-410.0,0.0012974645121289618,0.9984174036579643,0.7104361417269156,0.0,1.4997149754490477
0.1943887775551102,0.44094971003829125,-0.618664669105964,240.03383938873333,-410.0,0.0012675001735273394,0.9984125681528956,0.6899719540607774,0.0,1.4711414810497956
0.19639278557114226,0.4304276308285802,-0.6200380326652827,232.9298804930381,-409.69298804930384,0.0012372546899255493,0.9984092187490027,0.6695517815829615,0.0007487507702334077,1.4419707162238793
0.19839679358717432,0.4198459437447965,-0.620832766631117,225.85027016553792,-408.96059741198366,0.0012068378648101793,0.9984072805258563,0.6492015985250496,0.002534928971315635,1.4116589504338914
0.2004008016032064,0.40923719328686436,-0.6210800672274727,218.96540416026002,-407.14879056848946,0.001176343246625331,0.9984066774010868,0.6294112037073629,0.006953622662242976,1.3776581996491073
0.20240480961923846,0.39862883993325465,-0.6208113375922685,212.08053815498212,-405.3369837249953,0.001145849769908061,0.9984073327876959,0.6096208088896763,0.011372316353170177,1.3444798995437082
0.20440881763527052,0.38804382968199375,-0.6200568326897993,205.212927157547,-403.4638781472641,0.0011154233924213928,0.998409172898889,0.5898800132097984,0.01594050739874522,1.3118884209124575
0.2064128256513026,0.3775012599418035,-0.6188452480551728,198.39390196767195,-401.4181705903016,0.0010851190092436495,0.9984121277510579,0.5702788763574727,0.020929645787250005,1.2794535359503207
0.20841683366733466,0.3670169097048991,-0.617203961412927,191.93396892595908,-398.46698446297955,0.001054981976738415,0.998416130574514,0.5517099419303811,0.02812709487978181,1.2446816977109612
0.21042084168336672,0.3566038224316914,-0.6151583344032169,185.54074958623855,-395.33670435738117,0.0010250497880436998,0.9984211195164613,0.5333327745618156,0.03576132421449802,1.2100653953446474
0.2124248496993988,0.34627284231794975,-0.6127315770520073,179.05960364399505,-392.39072892908865,0.0009953536145600207,0.9984270379715303,0.5147028641220599,0.0429460652840914,1.1768392955195475
0.21442885771543085,0.33603284528539373,-0.6099455637291974,172.5784577017515,-389.44475350079614,0.0009659189699277404,0.9984338325917939,0.4960729536823039,0.05013080635368478,1.1444096053940378
0.21643286573146292,0.32589125416941184,-0.6068201038442159,166.09731175950793,-386.4987780725036,0.0009367671909227512,0.9984414550654171,0.47744304324254794,0.057315547423278164,1.1127762051518275
0.21843687374749496,0.3158542079236284,-0.6033735251463742,159.92885575293522,-382.95731345176114,0.0009079159238312551,0.9984498606940867,0.45971195309612806,0.06595258697995503,1.0800523100098864
0.22044088176352702,0.3059268811046455,-0.5996225099417422,153.87659779531842,-379.2136184567229,0.0008793800428015777,0.9984590087924498,0.4423148716673969,0.07508283257690229,1.047488856068294
0.2224448897795591,0.29611363004621566,-0.595582377458724,148.04426348943826,-375.1309844426068,0.0008511720700185884,0.9984688619994722,0.4255499559038043,0.08503969372096822,1.0147219024518561
0.22444889779559116,0.28641819246790984,-0.5912671010532502,142.21192918355814,-371.0483504284907,0.0008233027494743953,0.9984793862364767,0.4087850401402118,0.09499655486503414,0.9827140057578275
0.22645290581162322,0.27684379417586635,-0.5866894936244524,136.37959487767804,-366.96571641437464,0.0007957813536772847,0.9984905502549467,0.3920201243766193,0.10495341600910006,0.9514650968500129
0.2284569138276553,0.2673932651237412,-0.5818612958345647,130.93763516904977,-362.3890090391553,0.0007686160172663511,0.9985023254213721,0.3763773317451962,0.11611523939922515,0.9196888769094405
0.23046092184368736,0.2580691374162373,-0.5767932602730044,125.63729814961854,-357.6372981496186,0.0007418140187204717,0.9985146855119865,0.36114163039662506,0.12770386707446554,0.8881995091530525
0.23246492985971942,0.24887370080519208,-0.5714952797256841,120.60321313102956,-352.6032131310296,0.00071538193988058,0.9985276063999404,0.3466712645264245,0.1399811579960142,0.8567874767632301
0.2344689378757515,0.23980907090116252,-0.5659764534713555,115.49590086483421,-347.64631077835077,0.000689325862022357,0.998541065893616,0.33199040855511935,0.15207021331169193,0.8262733116643878
0.23647294589178355,0.23087746901127798,-0.5602448149012208,110.20418817647777,-342.88376935883,0.0006636521702439393,0.9985550444009164,0.3167794976551753,0.16368525483710708,0.7969367932929723
0.23847695390781562,0.22208066798693318,-0.5543083456704023,105.01410687048288,-338.01410687048286,0.0006383659605673885,0.9985695224559203,0.30186072391247737,0.1755615467230054,0.7680770370500989
0.24048096192384769,0.2134206993851565,-0.5481739748077001,99.98002185189391,-332.9800218518939,0.0006134730726583794,0.9985844831598861,0.2873903580422769,0.18783883764455392,0.7395494834749506
0.24248496993987975,0.20489952912666642,-0.5418482044587529,95.18533335878185,-327.73166669847734,0.0005889791575124679,0.9985999106551688,0.2736081321814155,0.20063869756749284,0.7112815555102449
0.2444889779559118,0.19651908195516676,-0.535337140898263,90.73795983083549,-322.1724497885444,0.0005648897477627935,0.9986157900495862,0.2608242554941547,0.2141966972928074,0.6830482505400821
0.24649298597194386,0.18828139799731003,-0.5286463612948893,86.29058630288908,-316.61323287861137,0.0005412107077082257,0.9986321077413574,0.24804037880689384,0.2277546970181221,0.6555078205731485
0.24849699398797592,0.18018857444510655,-0.5217810661638009,81.84321277494269,-311.05401596867836,0.0005179480656807407,0.9986488510472958,0.23525650211963295,0.2413126967434368,0.6286602393750989
0.250501002004008,0.17224280002287348,-0.5147460956562308,78.00018050890264,-305.0717251217686,0.0004951081131199035,0.9986660081630829,0.22420979100227237,0.2559025030009034,0.6017458839410011
0.25250501002004005,0.16444624196770063,-0.5075461043274935,74.29853712848312,-298.9904538539366,0.00047269707970071966,0.998683567737037,0.21356949910456222,0.27073370594092766,0.5753212483221977
0.2545090180360721,0.15680125517639532,-0.5001853692987557,70.5968937480636,-292.90918258610446,0.00045072173452189584,0.9987015193379755,0.20292920720685206,0.28556490888095204,0.549561362253301
0.2565130260521042,0.14931025340759901,-0.4926679773082773,66.89322527145158,-286.82916043432255,0.00042918901587917716,0.9987198529990278,0.1922830942149968,0.3003930654359658,0.524468223168298
0.25851703406813625,0.14197571446716437,-0.4849978476201538,63.120019024919834,-280.7920304398717,0.00040810604617059825,0.9987385591617641,0.18143709644391737,0.31511661519712086,0.5001104576344254
0.2605210420841683,0.13480049688854595,-0.477178473061874,59.34681277838808,-274.7549004454209,0.00038748104218725175,0.9987576293077632,0.1705910986728379,0.3298401649582759,0.47641984556630834
0.2625250501002004,0.12778699377989805,-0.469213730112367,55.57360653185633,-268.71777045097014,0.0003673208828655146,0.9987770539829417,0.15974510090175845,0.3445637147194308,0.45339637003406424
0.26452905811623245,0.12093818974474621,-0.4611069276500423,51.85515231213755,-262.65236554913014,0.0003476341473821057,0.9987968251174986,0.14905648661887858,0.35935622224798847,0.43099860740151186
0.2665330661322645,0.11425677943007687,-0.4528616183395778,49.116971040049954,-256.0807304961199,0.0003284285814400953,0.9988169340470795,0.14118564520882537,0.375383340399177,0.4085102011647522
0.2685370741482966,0.10774594713400232,-0.44448096075261656,46.37878976796235,-249.50909544310966,0.0003097133382338683,0.9988373730684565,0.13331480379877214,0.3914104585503654,0.3866578105693844
0.27054108216432865,0.10140840444336359,-0.435968506260992,43.64060849587476,-242.93746039009943,0.00029149621215973176,0.9988581335204282,0.12544396238871894,0.40743757670155384,0.3654414148180222
0.2725450901803607,0.09524719318321341,-0.4273275678040995,41.16077038396089,-236.2725037478729,0.0002737859468764168,0.9988792073232898,0.11831572266973242,0.4236922905917572,0.34477388800440983
0.2745490981963928,0.08926559476093965,-0.4185613368655738,39.0670934384114,-229.46805367483705,0.00025659197471676967,0.9989005866935469,0.11229749466916582,0.4402872056159039,0.324602073395583
0.27655310621242485,0.08346642564577593,-0.40967337263162634,37.215069130620805,-222.59863289935683,0.00023992239155921165,0.9989222629509398,0.10697389182271519,0.4570405733106633,0.3050279057979319
0.2785571142284569,0.07785271167260127,-0.40066712739003085,35.61423329637798,-215.6616776176379,0.00022378589509907372,0.9989442276759164,0.10237232467911651,0.473958646364445,0.2860441845606535
0.280561122244489,0.07242746509327677,-0.3915461117075736,33.612506444241575,-208.83751933272472,0.00020819114398760283,0.9989664723067917,0.0966184051851749,0.4906016264192513,0.26772974590573023
0.282565130260521,0.06719374471779788,-0.3823138643033046,31.361195183025977,-202.08358554907792,0.00019314693070637172,0.9989889882132222,0.09014706083616279,0.5070733406673252,0.25007271092740946
0.28456913827655306,0.062154601146256365,-0.37297399214069366,30.091143284529537,-195.092431349442,0.0001786620241377669,0.9990117665984276,0.08649632478829652,0.5241235958118827,0.23296951365805765
0.2865731462925851,0.057312779801711275,-0.36353032274848895,29.008606935582193,-188.05594508128428,0.00016474431593955455,0.999034798127706,0.08338459803373928,0.5412844082853814,0.21646096345361215
0.2885771543086172,0.052671149272307344,-0.35398666633640125,27.83890452883951,-181.03342717303707,0.00015140205180481142,0.9990580735085932,0.08002231437696365,0.5584111542666207,0.20054907007309467
0.29058116232464926,0.048232883583872094,-0.3443467556886088,27.0,-173.9835857270947,0.00013864435540046724,0.9990815836374535,0.0776109018923413,0.5756045377837878,0.1853347590528177
0.2925851703406813,0.04400063227091765,-0.33461464003564023,27.0,-166.86431441966704,0.00012647884275478427,0.9991053186388913,0.0776109018923413,0.5929672491142417,0.1709519673325364
0.2945891783567134,0.039977422318344814,-0.3247942651161696,27.0,-159.7450431122393,0.00011491421486880572,0.9991292688899099,0.0776109018923413,0.6103299604446959,0.15717053035358367
0.29659318637274545,0.03616617992119566,-0.3148897016207771,27.031077960044225,-152.62706447946928,0.0001039588830253585,0.9991534244627768,0.07770023480004523,0.627689519157985,0.1440066149804776
0.2985971943887775,0.03257016124659049,-0.3049049867377255,27.62230126197853,-145.5323848562576,9.362220700469892e-05,0.9991777755114649,0.0793996930845967,0.6449922554859795,0.13173683547376516
0.3006012024048096,0.029192364814822437,-0.29484435618782595,28.23278335830317,-138.43938305866513,8.391280598698593e-05,0.9992023117057602,0.08115451034699975,0.6622908998780678,0.12008174120538585
0.30260521042084165,0.02603622619556167,-0.28471200655760254,28.877331897400232,-131.34934912859745,7.484055544113122e-05,0.9992270228108905,0.08300725084450768,0.6795823061379268,0.1090505295732933
0.3046092184368737,0.023105339788185696,-0.27451222545156595,30.0785811440014,-124.33744899399265,6.641578738852184e-05,0.9992518983701058,0.08646021519362664,0.6966831571461044,0.099011731741722
0.3066132264529058,0.020403486662984905,-0.2642494032526311,31.410683004974967,-117.34391422388143,5.864937043194872e-05,0.999276927675997,0.09028931248409422,0.71373921810367,0.08967335615374174
0.30861723446893785,0.017934817326779724,-0.25392801307277685,32.74278486594853,-110.35037945377022,5.155323511132459e-05,0.9993020998193924,0.09411840977456179,0.7307952790612356,0.0809444862928665
0.3106212424849699,0.0157039331167865,-0.24355263653716602,34.65070252100404,-103.49765826331986,4.514060786854839e-05,0.9993274036264751,0.09960267680956843,0.7475079192627317,0.07332475571977437
0.312625250501002,0.013715628468575278,-0.2331280627313027,36.8509751267197,-96.73073299541412,3.9425270202459226e-05,0.999352827417467,0.10592731167396119,0.7640113175668279,0.06659787074583376
0.31462925851703405,0.011975264086370894,-0.2226592507866418,39.529387207487936,-90.1529804680193,3.442263133860035e-05,0.9993783590978762,0.1136263478675821,0.7800533552142997,0.06100658280740716
0.3166332665330661,0.01048874687988998,-0.21215139948472495,43.302593454019615,-84.11585047356861,3.0149670558101557e-05,0.9994039859887446,0.12447234563866134,0.7947769049754544,0.057358102421383436
0.3186372745490982,0.00926263647668001,-0.20161000152616346,46.59536263056118,-77.80927473887763,2.6625243365038296e-05,0.9994296946942949,0.1339373376947611,0.8101575878061315,0.05375600935512484
0.32064128256513025,0.008304066481061152,-0.19104092995853267,50.38704399937565,-71.81727466749913,2.3869855147004327e-05,0.9994554708911463,0.14483644179557878,0.8247710732372683,0.05148531977570091
0.3226452905811623,0.007621077169318905,-0.18045049505410166,54.776175538305424,-66.22382446169458,2.190661750007302e-05,0.9994812991896012,0.15745290317559582,0.8384125622423759,0.05072765669904959
0.3246492985971944,0.007222489521411322,-0.16984556829304082,59.81026055689441,-61.18973944310559,2.0760886135730262e-05,0.9995071628312693,0.17192326904579638,0.8506898531639246,0.05169706396820854
0.32665330661322645,0.0071178324792030585,-0.15923369323554873,64.4585321403281,-55.79837916961721,2.046005178627959e-05,0.9995330434186696,0.1852846227432345,0.8638384786432475,0.05273582488735462
0.3286573146292585,0.007318071901889014,-0.14862321809948698,69.64956276247659,-50.958697697936174,2.103563557105954e-05,0.9995589205918957,0.20020612527418657,0.8756416518467289,0.0554295596068824
0.3306613226452906,0.00783512022244956,-0.13802348966963354,75.30350376033346,-46.640354456904674,2.2521879514786372e-05,0.9995847715557038,0.216458253425659,0.8861733683500206,0.05970657226699665
0.33266533066132264,0.008682054954954738,-0.12744504476968851,81.36830009235632,-42.985014246133005,2.4956374641959548e-05,0.9996105706125443,0.23389137613386857,0.8950881314140455,0.06561844258700267
0.33466933867735466,0.009873792833416767,-0.11689992247932385,87.9476882260643,-40.26961691522589,2.8381998774059675e-05,0.9996362884011164,0.2528036815767146,0.9017105310906581,0.07348480602154435
0.3366733466933867,0.011426308446153976,-0.10640190484582811,94.63018231393124,-37.81994791030536,3.284467051133655e-05,0.9996618913093133,0.2720123628007736,0.9076848638490149,0.08243263186280214
0.3386773547094188,0.013357479288700706,-0.09596696775177478,101.49074185715507,-35.93865726785562,3.839577831867893e-05,0.9996873403746307,0.29173288923172586,0.9122730168976928,0.09272694145997055
0.34068136272545085,0.015687218849155818,-0.08561380481729132,108.55503727383802,-35.05562034077025,4.509256307650071e-05,0.9997125900064576,0.31203904991775167,0.9144265961893148,0.1046139301672086
0.3426853707414829,0.018436770986690085,-0.07536423762576196,115.61933269052082,-34.1725834136849,5.299608978739143e-05,0.9997375869856039,0.33234521060377703,0.9165801754809366,0.11733327091476789
0.344689378757515,0.021629960418453425,-0.06524421798794168,122.7278593432188,-34.0,6.217484207303015e-05,0.9997622680199462,0.3527785129979117,0.9170010775456057,0.131258229850794
0.34669338677354705,0.02529205179392505,-0.055284431349715196,129.8174226334636,-34.47717782918295,7.270144260867895e-05,0.9997865582728168,0.37315730562675364,0.9158373206744843,0.1462395963725814
0.3486973947895791,0.0294501167522786,-0.04552148488537915,136.88638169324267,-35.32070907702696,8.465370822144781e-05,0.9998103684654439,0.3934768718515496,0.9137800891233769,0.16215864625940196
0.3507014028056112,0.03413238233042774,-0.03599905952153128,143.93912741216374,-36.234781853040936,9.811277690365594e-05,0.9998335920673576,0.41374983318720937,0.9115508185899729,0.17890159389126495
0.35270541082164325,0.03936738641336998,-0.026769241429905777,150.8458350775646,-37.96145876939115,0.0001131606801735536,0.999856102049101,0.43360301137308,0.9073397425451158,0.19647272742962896
0.3547094188376753,0.04518241751968669,-0.017893780292714788,157.60317893367625,-40.20105964455875,0.00012987585827330393,0.9998777478135333,0.4530268465978762,0.9018777308009648,0.21471966943957244
0.3567134268537074,0.051601841312828155,-0.009445607204308593,163.9876671635866,-43.27866695062092,0.00014832834976274332,0.9998983514939198,0.47137891658470504,0.894371961609685,0.23319408625024926
0.35871743486973945,0.058642759304661514,-0.0015085398410308183,170.09503576710435,-46.93439735444023,0.00016856731255889885,0.9999177086729749,0.48893441234425994,0.8854562469301143,0.2519934774938652
0.3607214428857715,0.06631219116234816,0.0058223114013449834,176.19415314520242,-50.59707657260121,0.0001906129245395253,0.9999355873923594,0.5064661901391282,0.8765235852552273,0.2715454823554605
0.3627254509018036,0.07460117840022114,0.012443763808129452,182.56182298267143,-53.78091149133572,0.0002144394347360227,0.9999517360066996,0.5247699160294478,0.868758744693507,0.2923700489952087
0.36472945891783565,0.08347998766720353,0.018249570469883274,188.62169834021708,-57.51356146263567,0.00023996137528937755,0.9999658953975636,0.5421888935055327,0.8596554360611064,0.3133956700363187
0.3667334669338677,0.09289431236283566,0.023138590975909826,194.05092865684028,-62.05092865684028,0.0002670226430795757,0.9999778189004151,0.5577950957816203,0.8485895567890167,0.33375595824268356
0.3687374749498998,0.10276463281791769,0.027024879337041046,199.16503450206474,-66.99860100176979,0.0002953946605790328,0.9999872969073694,0.5724954797453524,0.8365230119176259,0.35413350983823
0.37074148296593185,0.11298975673996643,0.029848315188861253,204.5703882462592,-71.63176135393645,0.0003247865527846312,0.9999941827949187,0.5880330493429108,0.8252235091639599,0.37594579051320703
0.3727454909819639,0.12345506832241149,0.031581874425153804,209.31546991895908,-76.93196562166753,0.0003548688590993692,0.9999984106557902,0.6016726814973944,0.8122971979279991,0.3968148570555871
0.374749498997996,0.13404327830210472,0.03223355678141334,213.8255388244449,-82.43405176592653,0.0003853044341345351,1.0,0.6146367746585557,0.7988785305795039,0.41775471413472254
0.37675350701402804,0.14464478339093562,0.03184313491812977,218.08977046918582,-88.13465570377873,0.00041577822566640223,0.9999990478264114,0.6268942140595263,0.7849757115537827,0.43871026570665167
0.3787575150300601,0.15516528163526963,0.030474131626654282,222.03883166039657,-94.05824749059485,0.00044601916481823764,0.9999957090564819,0.638245702973523,0.7705290624807755,0.459443378557184
0.3807615230460922,0.16552934431728056,0.02820434191530797,225.86873333256085,-100.05792727146321,0.0004758104334115571,0.9999901734192184,0.6492546704896583,0.7558968475233689,0.48049556100278035
0.38276553106212424,0.1756806289791198,0.025117746229335342,229.58107742312444,-106.13267214693093,0.0005049900762993806,0.9999826457288727,0.6599257213416341,0.7410815613621494,0.501865472308774
0.38476953907815625,0.18557958330586333,0.02129740367031019,233.29342151368795,-112.20741702239846,0.0005334444012286273,0.9999733285526939,0.6705967721936096,0.7262662752009303,0.523900414306705
0.3867735470941883,0.1952005860552157,0.016822147607697565,236.72021407871247,-118.44042815742493,0.000561099760505884,0.9999624141520776,0.6804470115109993,0.7110650041180232,0.5457065665211842
0.3887775551102204,0.2045284619576494,0.011763645390319868,239.9040489974469,-124.80809799489377,0.0005879125331550587,0.9999500773116944,0.6895988744561589,0.6955353229945829,0.5674044482960103
0.39078156312625245,0.21355570935360563,0.006185879137888911,242.56434801551927,-131.41087003879818,0.0006138611558219272,0.9999364740732269,0.6972458450523036,0.6794322669332842,0.5880190677819511
0.3927855711422845,0.22228033013175202,0.0001453741349949223,245.11191574707138,-138.05776830444626,0.0006389398849797273,0.999921742292385,0.7045687720625845,0.6632215944015413,0.6088841982193067
0.3947895791583166,0.2307037846927319,-0.006308728478041176,247.54487733061697,-144.74841265919667,0.0006631529185177572,0.9999060018161863,0.7115622662391916,0.6469042324792526,0.6299877984751261
0.39679358717434865,0.2388299301726598,-0.013133573113829379,248.95145958956587,-151.7087575373953,0.0006865113436883341,0.9998893571622365,0.7156054557837394,0.6299291161138346,0.6479796770758683
0.3987975951903807,0.24666385452235887,-0.02029210492475537,250.12186058285909,-158.7311634971546,0.0007090297856933902,0.9998718987011082,0.7189697475120793,0.612802643156223,0.6657210672168946
0.4008016032064128,0.2542115725750002,-0.027751911481182327,251.29226157615233,-165.75356945691388,0.0007307255340376347,0.9998537054812929,0.7223340392404194,0.5956761701986114,0.684070822379214
0.40280561122244485,0.26147907048334773,-0.0354850686191431,252.50343130350473,-172.768872169276,0.0007516157957845812,0.9998348456051537,0.7258155197916979,0.5785670208726947,0.7031842450326128
0.4048096192384769,0.26847262362805313,-0.04346690303626457,253.7769652709985,-179.77330899049173,0.0007717186093769,0.9998153792467459,0.7294762649697617,0.5614843716369103,0.723144388118548
0.406813627254509,0.2751979280507471,-0.05167609084238984,254.96542800079743,-186.7925680047845,0.0007910503479600789,0.9997953584114695,0.7328924747595813,0.5443655735526599,0.7433887845620664
0.40881763527054105,0.2816606467719374,-0.06009360910308347,256.0686134639708,-193.82336156764927,0.0008096272897611196,0.9997748294930776,0.7360635569355592,0.5272186446347138,0.7639076889074805
0.4108216432865731,0.2878655878230103,-0.06870295198217348,256.6598367659051,-200.91804119086095,0.0008274632553597336,0.9997538327465428,0.7377630152201107,0.5099159083067193,0.7830151999691064
0.4128256513026052,0.29381729627555286,-0.0774892938444105,256.7489399321606,-208.0127208140726,0.000844571309463515,0.9997324043291084,0.7380191402976868,0.4926131719787248,0.8005962609826152
0.41482965931863724,0.299519889168735,-0.0864393525130504,256.15771663022633,-215.10740043728427,0.0008609632864103567,0.9997105766337806,0.7363196820131354,0.4753104356507302,0.815895034814199
0.4168336673346693,0.30497667195315414,-0.09554138823390322,255.566493328292,-222.20208006049583,0.0008766486876447778,0.9996883782918553,0.7346202237285839,0.4580076993227359,0.8317975918823044
0.4188376753507014,0.31019059896329304,-0.10478470165368822,254.9510439023287,-229.2937365860278,0.0008916360053358043,0.999665835397265,0.7328511279871714,0.440712335824076,0.8481937125874218
0.42084168336673344,0.3151639620803278,-0.11415965893686218,253.7806429090355,-236.31614254578707,0.0009059318274451071,0.9996429714453218,0.7294868362588315,0.42358586286646444,0.8626719266462903
0.4228456913827655,0.31989866360144037,-0.12365739543477358,252.61024191574228,-243.33854850554638,0.0009195416220837955,0.9996198080554206,0.7261225445304916,0.4064593899088528,0.8777586770831836
0.4248496993987976,0.32439597869973563,-0.1332698219869137,251.43984092244906,-250.3609544653057,0.0009324690547087117,0.9995963649556702,0.7227582528021517,0.38933291695124117,0.8934539380528648
0.42685370741482964,0.3286568585322638,-0.1429893722683027,249.83075270859925,-257.28724006846943,0.0009447168593997265,0.999572660599071,0.7181329643761805,0.3724408654579173,0.9076532708531573
0.4288577154308617,0.3326814767491547,-0.15280911380137466,247.95754851105866,-264.1556554594516,0.0009562855353102913,0.9995487118927757,0.7127484804058233,0.3556899497277006,0.9212022342953252
0.4308617234468938,0.3364700085344702,-0.16272233648694198,246.0843443135181,-271.02407085043365,0.0009671755860031112,0.9995245352015932,0.7073639964354662,0.33893903399748426,0.9353696729073123
0.43286573146292584,0.34002186953294306,-0.17272280235322646,244.1384940156294,-277.8716866145687,0.0009773853317619154,0.9995001457388928,0.7017706928589246,0.3222388450763935,0.9497941292499206
0.4348697394789579,0.3433361931531807,-0.18280448521051215,242.09278645866686,-284.69071180444377,0.0009869122815889424,0.9994755582015428,0.6958903518032268,0.3056083837813774,0.9643424459968268
0.4368737474949899,0.34641185236881505,-0.19296152189101548,238.96057319379565,-291.0788536124087,0.0009957531958718637,0.9994507868888283,0.6868868741585672,0.290028774947819,0.9737262208418922
0.438877755511022,0.3492474865979226,-0.20318816689771035,235.48273056614082,-297.2759041507888,0.0010039041636480796,0.9994258458130548,0.6768898925670145,0.2749152057422362,0.9817375368958228
0.44088176352705405,0.35184111864130074,-0.21347884971458725,231.53366937492999,-303.19949593760504,0.0010113595015022816,0.9994007485597788,0.6655384036530176,0.26046855666922875,0.9876169766209226
0.4428857715430861,0.35419117098141917,-0.2238278743516053,228.00980655123354,-309.3823482077796,0.001018114674895274,0.9993755090205668,0.655409138027389,0.24538961466376233,0.9967223403333543
0.4448897795591182,0.35629525992784705,-0.23422969291270465,224.42016520681167,-315.52773566910133,0.0010241628319617175,0.999350140725809,0.6450907935010698,0.2304020430574664,1.0061030016492203
0.44689378757515025,0.3581516312640603,-0.24467856105670036,220.60033009909276,-321.5328932012096,0.0010294989302450732,0.9993246576849921,0.6341107621014367,0.21575646878147062,1.0147709924399764
0.4488977955911823,0.35975814447711923,-0.2551687500637113,216.32876731463617,-327.2283102471518,0.0010341168168883127,0.9992990738695051,0.6218322495017539,0.20186629971710734,1.0212893508374048
0.4509018036072144,0.36111246754318405,-0.26569446675738556,212.14922479439468,-332.99108528784745,0.001038009788540568,0.9992734034079358,0.6098182471131119,0.18781185577569556,1.029083220642672
0.45290581162324645,0.3622129847153047,-0.2762497345494163,207.58055979111745,-338.4194402088826,0.0010411732007730233,0.999247660876183,0.5966857207668779,0.17457300654194768,1.0348807125465203
0.4549098196392785,0.36305793869415054,-0.286828525485957,202.39484990942034,-343.28412007246374,0.0010436020022676806,0.9992218609754173,0.5817795125864875,0.16270886644402657,1.0370081878619575
0.4569138276553106,0.3636457701698157,-0.2974247138956884,196.5934538778979,-347.37516921262977,0.0010452917108227575,0.9991960186451257,0.5651035282071872,0.15273148221577051,1.034663905591952
0.45891783567134264,0.36397475896870884,-0.30803209226594647,190.4121953883004,-350.9073169209712,0.0010462373818373714,0.9991701490243932,0.547335637606915,0.14411716504928296,1.029547714203015
0.4609218436873747,0.3640440138265322,-0.3186443416913818,184.2629954113626,-354.49133639242496,0.0010464364533920416,0.9991442675239721,0.5296598984911184,0.1353763413331459,1.0255272225635113
0.4629258517034068,0.36385239820293963,-0.32925508541189874,178.23660956669835,-358.2181115523719,0.0010458856585267202,0.9991183896957134,0.5123371858779469,0.1262873603825035,1.0232527994120229
0.46492985971943884,0.36339869475725395,-0.33985785411582686,171.41808978441335,-360.24939009239426,0.0010445814980225968,0.9990925313171855,0.49273750180854275,0.12133341195166368,1.0122229995128238
0.4669338677354709,0.3626820426371594,-0.350446096532277,164.86499074442008,-363.0207706547046,0.00104252149737876,0.999066708365842,0.47390076378322005,0.11457447854228192,1.0059214219159087
0.468937875751503,0.3617013705641009,-0.36101315293930747,157.82850447626237,-364.10330700365193,0.001039702577228734,0.9990409370836298,0.453674539878598,0.11193435354635911,0.9918363864940056
0.47094188376753504,0.36045533537319446,-0.3715522095066598,150.77780616870484,-365.0,0.0010361208766748137,0.9990152340883411,0.43340746378154826,0.10974746938710706,0.9777421355020932
0.4729458917835671,0.3589424331551373,-0.3820562715335033,143.65853486127722,-365.0,0.0010317720727630233,0.9989896164388804,0.41294327611541026,0.10974746938710706,0.9604226832559235
0.4749498997995992,0.3571609393556426,-0.3925181228040602,136.76817383653173,-363.5893912788439,0.0010266512083002678,0.9989641017343904,0.39313708598599045,0.1131877079969352,0.9383504127640805
0.47695390781563124,0.35510838042683757,-0.4029301770273568,130.12043491567894,-361.0481739662716,0.0010207511731279814,0.9989387084765653,0.37402830771961254,0.11938531175732445,0.9127488149211331
0.4789579158316633,0.35278209841586267,-0.4132845024039588,123.7587400769982,-357.8552440461989,0.0010140643270195484,0.9989134560097367,0.35574175683095083,0.1271723335052879,0.8857643204944801
0.48096192384769537,0.35017853219301487,-0.423572593207666,117.89007257787584,-353.89007257787586,0.001006580433586524,0.9988883650779471,0.3388724021082413,0.13684272315716375,0.8572760022105052
0.48296593186372744,0.3472936482868144,-0.4337853548362526,112.8559875592869,-348.8559875592869,0.0009982878987044902,0.9988634578614095,0.3244020362380409,0.14912001407871228,0.8266539046916107
0.4849699398797595,0.34412218840636233,-0.4439127678580271,107.82190254069796,-343.821902540698,0.0009891716075327397,0.998838758795841,0.3099316703678405,0.1613973050002608,0.7967536560755176
0.48697394789579157,0.3406584830690986,-0.4539439638192907,102.90254155024469,-338.68304986029364,0.0009792152632692452,0.9988142943875816,0.29579107617513384,0.1739301067164281,0.7673479564042153
0.4889779559118236,0.33689535706299734,-0.4638666859425392,98.54236340660374,-333.0847268132075,0.0009683982409259842,0.9987900945288604,0.283257840688495,0.18758347976596634,0.7377435011524338
0.49098196392785565,0.33282485791202293,-0.47366728811496545,95.35852848786931,-326.7170569757386,0.0009566976812867571,0.9987661925002628,0.27410597774333545,0.20311316088940684,0.7076742759099611
0.4929859719438877,0.3284376005228231,-0.4833301990689496,91.49563866714462,-320.74345800071694,0.0009440866071086224,0.9987426262775047,0.2630021865249211,0.21768176912589673,0.6787305103069387
0.4949899799599198,0.32372267157452467,-0.4928374707112961,88.54755850523384,-314.27763651221227,0.0009305336482924835,0.9987194396329818,0.25452799540577975,0.23345082570083375,0.6499477240794713
0.49699398797595185,0.3186677660178997,-0.5021683477742581,85.43780410417062,-307.87560820834125,0.0009160034342469179,0.9986966831853191,0.24558907526762444,0.24906430137404437,0.6218136199404259
0.4989979959919839,0.31325905078722516,-0.5112985916487209,83.05308184007797,-301.21232736031186,0.0009004562021309366,0.9986744160484279,0.23873424394618084,0.26531492828264,0.5943810488887805
0.501002004008016,0.3074807532546722,-0.5201994120517361,81.3975182480584,-294.2888321162628,0.0008838466138752432,0.99865270843699,0.23397536307518965,0.2822001745570411,0.5676358883492346
0.503006012024048,0.30131548670303393,-0.5288365409259483,79.92523448885127,-287.3271103996614,0.0008661246917463789,0.9986316439250631,0.2297433160235781,0.2991786488009138,0.5416192611000911
0.5050100200400801,0.29474401296472635,-0.5371685626570755,79.13904249383114,-280.25138244448027,0.0008472351360577906,0.9986113235183993,0.22748342454972434,0.31643516518208586,0.5167282733544385
0.5070140280561122,0.28774603797482473,-0.5451454316574447,77.85072258311665,-273.2536129155833,0.0008271196119694086,0.9985918692698121,0.22378017750541276,0.3335015540076559,0.49205319347955145
0.5090180360721442,0.2803003116387357,-0.5527056535657394,76.72323834042122,-266.23238340421216,0.0008057170365550595,0.998573431153758,0.22053924902596847,0.3506251578045238,0.4681197900167964
0.5110220440881763,0.27238680263762166,-0.5597741621481052,76.01484436861269,-259.1484436861269,0.0007829698302324809,0.9985561922442189,0.2185029862464441,0.3679017013012055,0.4451270924948668
0.5130260521042084,0.26398850205761604,-0.5662583710661405,76.0,-252.02991275080382,0.0007588291012555472,0.9985403783437805,0.2184603164377014,0.3852626069879953,0.42350356242761944
0.5150300601202404,0.25509620413033446,-0.5720453157230959,76.0,-244.91064144337608,0.000733268387846965,0.9985262649541897,0.2184603164377014,0.40262531831844944,0.4025030056538751
0.5170340681362725,0.24571543756451636,-0.5769994676277436,76.02075944737197,-237.79240552628022,0.0007063035821575329,0.9985141826067565,0.21851998900930605,0.4199855045051535,0.38213823294534505
0.5190380761523046,0.2358765039014436,-0.5809635173992237,76.72915341918053,-230.70846580819466,0.0006780217852964221,0.9985045149527355,0.2205562517888305,0.4372620480018359,0.3633395427386187
0.5210420841683366,0.22564724596233898,-0.5837657952561666,77.43754739098908,-223.62452609010913,0.0006486180099503739,0.9984976806659951,0.2225925145683549,0.45453859149851816,0.34515058390743886
0.5230460921843687,0.21514519258028422,-0.5852386009742812,78.46380890665213,-216.6085732800436,0.0006184300901465671,0.9984940887393181,0.22554248056124418,0.47164932630394163,0.32815623218591317
0.5250501002004008,0.20454142347431586,-0.5852488395151513,80.71512016786778,-209.8546394963967,0.0005879497907475911,0.9984940637692303,0.23201382491025643,0.4881210405520158,0.31403855850270995
0.5270541082164328,0.1940469869162506,-0.5837329701639046,82.2195290019712,-202.902354990144,0.0005577837653356133,0.9984977607209019,0.23633821477801836,0.5050764990191363,0.2990569531478887
0.5290581162324649,0.1838803055351104,-0.5807200666886656,84.0729482968838,-196.04939218356955,0.0005285598649192294,0.9985051086882777,0.24166582748404924,0.5217897284819255,0.2854047355601068
0.531062124248497,0.17422815651360368,-0.5763272733191043,86.50590988042944,-189.35874782881905,0.0005008149763726215,0.9985158219761855,0.24865932166065652,0.5381070904042144,0.2735588445474851
0.533066132264529,0.1652189650246613,-0.5707305512075233,88.93887146397502,-182.6681034740687,0.0004749182550104872,0.9985294714448213,0.2556528158372636,0.5544244523265031,0.2623450274205807
0.5350701402805611,0.15691860817834177,-0.5641259032971405,91.44189837295887,-176.00572866084255,0.00045105906312637134,0.998545579075807,0.26284771123974643,0.5706728695678357,0.25192705861519094
0.5370741482965932,0.14934262159945796,-0.5566998415271485,94.33330830117595,-169.5000563223541,0.00042928205752965114,0.9985636899977353,0.27115900502750184,0.5865391156969647,0.24305883272712908
0.5390781563126252,0.14247313590952396,-0.5486145572764892,97.56296418076384,-163.15884543633499,0.0004095358730877137,0.9985834086529749,0.2804425793096026,0.6020042678656442,0.23569352032393448
0.5410821643286573,0.1362745557249714,-0.540003265424194,100.89398380384084,-156.86691948163397,0.0003917181916590056,0.9986044101527292,0.2900175214269393,0.6173492223345218,0.22923862413797785
0.5430861723446894,0.13070357485643924,-0.5309726376435452,104.28853515546379,-150.61528645938162,0.000375704530561533,0.9986264343426381,0.299775084090618,0.6325959090840566,0.22361833390201982
0.5450901803607214,0.1257159381552285,-0.5216067424353229,108.56009793992031,-144.91986941343959,0.0003613676793507068,0.998649276193697,0.31205359669030064,0.6464860781484195,0.2211709636832918
0.5470941883767535,0.1212692312061543,-0.5119719285722165,113.07136728663096,-139.41673816559722,0.0003485857187296479,0.9986727738923523,0.3250211404931705,0.6599072943296598,0.22017431796710335
0.5490981963927856,0.11732511356263792,-0.5021204552684536,117.85202678043053,-134.14797321956945,0.00033724843993398855,0.9986967999871262,0.33876304030628046,0.6727569303212608,0.220768815238165
0.5511022044088176,0.1138489159994785,-0.49209412820740644,122.88611179901953,-129.11388820098045,0.0003272561870438863,0.9987212525209529,0.353233406176481,0.6850342212428095,0.22294230429246198
0.5531062124248497,0.11081049776366816,-0.4819264331048285,127.92019681760854,-124.07980318239146,0.000318522321132502,0.9987460498277752,0.36770377204668164,0.6973115121643582,0.22583470221226207
0.5551102204408818,0.10818362492953235,-0.4716446188559434,133.24591401415805,-119.36064513072168,0.00031097143336162155,0.998771125452098,0.3830124281521542,0.7088207489156594,0.2305316258283084
0.5571142284569138,0.10594537544928714,-0.46127118869103356,138.84149694501377,-114.97035932499017,0.0003045376348126625,0.9987964245123082,0.39909680733278763,0.7195279212948853,0.23702617126016218
0.5591182364729459,0.10407605125460459,-0.4508249094138996,144.74418924425714,-111.00332043185307,0.00029916430382457036,0.9988219012393121,0.41606396558972303,0.7292028652833747,0.2455547945381117
0.561122244488978,0.10255875286093555,-0.44032167152928425,150.97970331563184,-107.5801271504435,0.00029480286320336836,0.9988475168788279,0.43398781265793696,0.737551460835767,0.25636525564847334
0.56312625250501,0.10137926418726115,-0.42977511501745086,157.5092722217198,-104.7453638891401,0.0002914124491390842,0.9988732381652261,0.4527569138345916,0.7444649740410911,0.2694485947986445
0.565130260521042,0.10052519536964133,-0.41919720031960295,163.9705969990617,-101.86134328584832,0.00028895744724228423,0.9988990359289923,0.47132984877491885,0.751498617660459,0.2830864882622172
0.567134268537074,0.09998639514151486,-0.4085985235513051,170.9890759585781,-100.71740686897769,0.00028740867792211033,0.998924884327974,0.49150431106975173,0.7542884871469323,0.3011410120211446
0.5691382765531061,0.09975433780194856,-0.39798867877798266,177.8590939524199,-98.87727229251144,0.00028674163424009265,0.9989507599638509,0.5112520256074804,0.7587762674380188,0.318769308285895
0.5711422845691382,0.09982183874047731,-0.387376495593427,184.90681297844444,-97.87045528879365,0.00028693566419260363,0.9989766413027216,0.5315105378257611,0.7612317256223284,0.33872116042538963
0.5731462925851702,0.10018353840203703,-0.37677025120040664,191.95453200446894,-97.13636171492413,0.0002879753618573371,0.9990025081578734,0.5517690500440416,0.7630220570006733,0.35981814906097265
0.5751503006012023,0.10083500238755103,-0.366177849555145,199.00225103049345,-98.14317871864192,0.0002898479806523786,0.9990283412528801,0.5720275622623222,0.7605665988163636,0.3837480165378879
0.5771543086172344,0.10177264339574003,-0.3556069310625513,206.01982107179435,-99.29137744908411,0.0002925432089596672,0.9990541219540725,0.5921994118918792,0.7577663342603743,0.4085735376841381
0.5791583166332664,0.10299451665746517,-0.3450650821035165,212.8536170183056,-101.28453900610188,0.00029605545658339407,0.9990798317595373,0.6118430069569519,0.7529053467723217,0.4345915509481149
0.5811623246492985,0.10449881744341817,-0.33455981564460613,219.57331055800594,-103.62932422320237,0.00030037953586914114,0.9991054523464064,0.6311586171812587,0.7471868080204755,0.4614451193640616
0.5831663326653306,0.1062847080807697,-0.3240987386879434,225.6772975993365,-107.1418380794692,0.00030551303894491667,0.9991309651624741,0.6487043927152153,0.7386203745335326,0.48828687499528256
0.5851703406813626,0.10835205845975827,-0.31368963105359515,231.23651450926926,-111.58921160741542,0.0003114555918130936,0.9991563512340619,0.6646842385742907,0.7277739747532812,0.5150395890322385
0.5871743486973947,0.11070046135219806,-0.3033403139289944,236.43718098818067,-116.43718098818067,0.0003182060239052727,0.9991815914866022,0.679633439162053,0.7159505887264999,0.541688986898029
0.5891783567134268,0.113330356368339,-0.2930589271158536,240.5075496336895,-122.26132445053426,0.000325765598871379,0.9992066660684806,0.6913336236662103,0.7017464774744826,0.5659744237091884
0.5911823647294588,0.1162414667704381,-0.2828536049237136,244.8927833058878,-127.86597913235977,0.0003341335212349008,0.9992315551414777,0.7039388807146538,0.6880776626273949,0.5918763850997804
0.5931863727454909,0.11943394320421681,-0.27273277648869626,248.06577838120262,-134.23022433420917,0.0003433102240236271,0.999256238148341,0.7130595847700294,0.672556333617128,0.6146973156234411
0.595190380761523,0.12290703911844117,-0.2627047878194806,250.03515024618443,-141.0703004923689,0.0003532935612925737,0.9992806947345517,0.7187205005701272,0.655874532533281,0.6339792363434793
0.597194388777555,0.12665957900279104,-0.25277798936739126,252.90396865249932,-147.48015673750348,0.0003640801540633654,0.9993049045347568,0.7269668555286252,0.6402419658213107,0.6568777871395518
0.5991983967935871,0.13069017903966168,-0.2429608058074922,252.54447755424016,-154.4501489940807,0.00037566602458295186,0.9993288470025837,0.7259335063301748,0.6232433211144867,0.6678745024114413
0.6012024048096192,0.134996574777915,-0.233261438858317,253.9420675392046,-161.40552722556774,0.00038804466373669905,0.9993525021354133,0.7299508477823523,0.6062803175692449,0.6867676259739118
0.6032064128256512,0.13957619124388262,-0.22368804734874806,252.93525053548683,-168.45324625159225,0.0004012086698198385,0.9993758500352272,0.7270567746083123,0.589092110279077,0.6963610586176832
0.6052104208416833,0.14442611045552473,-0.21424871546433957,251.93723205512455,-175.5021435590036,0.0004151496551576361,0.9993988709860498,0.7241879925947515,0.5719010293577884,0.7066015327736842
0.6072144288577154,0.14954360803953692,-0.20495173335184586,251.0541951280392,-182.5664389756864,0.00042985978859937926,0.9994215447696007,0.7216497225089984,0.5546723950248134,0.7179598965811425
0.6092184368737474,0.15492555927504406,-0.19580530407964458,248.01156839429123,-188.97686321141757,0.00044533008820413147,0.9994438513799684,0.7129037593635196,0.5390384430788294,0.719570153438388
0.6112224448897795,0.16056959889746278,-0.18681824500522784,245.5093397184115,-195.6417607509027,0.00046155375507124356,0.999465769313094,0.7057111584644119,0.5227838733303217,0.7246026349004118
0.6132264529058116,0.16647318170211214,-0.17799951850197182,245.4038760970393,-202.65426535855028,0.00047852347306624185,0.9994872767112485,0.705408005621022,0.5056815481135495,0.7407696723972895
0.6152304609218436,0.172635037227385,-0.16935929017905504,245.9111031757571,-209.75544446059948,0.00049623559027538,0.9995083487822122,0.7068660186226333,0.48836296064433815,0.7602278781957984
0.6172344689378757,0.17905428040284554,-0.16090855387255273,243.61533975252283,-216.36548555682367,0.0005146875625832968,0.9995289587138587,0.7002668975186088,0.4722421765808852,0.7676845059504875
0.6192384769539078,0.1857306277113533,-0.15265946011842998,240.47413010017075,-222.74656581969262,0.000533878575026252,0.9995490768730643,0.6912375599574248,0.4566797896740878,0.7717786384591225
0.6212424849699398,0.1926652182995191,-0.14462627773674314,237.01670631457566,-228.96992863376383,0.0005538119020559442,0.9995686684605647,0.6812992718750518,0.44150204923137354,0.7748527327717448
0.6232464929859719,0.19985967695684936,-0.13682502420847859,232.38922713606843,-234.37923500792016,0.000574492214093817,0.9995876944124041,0.6679976854849786,0.4283096562157468,0.7718123158417264
0.625250501002004,0.2073171121749955,-0.12927482922473582,228.00924134976944,-239.9876782003074,0.0005959284464302626,0.9996061080744673,0.6554075133683008,0.4146316018253946,0.7709733847092384
0.627254509018036,0.21504130715996042,-0.12199786061518797,223.51233992249252,-245.48766007750748,0.0006181314738071302,0.9996238553831275,0.6424812698315631,0.4012180664321133,0.7700777766325533
0.6292585170340681,0.2230374079422805,-0.11502088999313666,218.47825490390352,-250.52174509609648,0.0006411160883752012,0.9996408710468998,0.6280109039613625,0.3889407755105646,0.766547457423886
0.6312625250501002,0.23131136573743769,-0.10837595949153282,213.10817292965964,-255.1929946317203,0.0006648993967715463,0.9996570769203844,0.6125747222851821,0.37754837961255544,0.7614528626133699
0.6332665330661322,0.2398701257487529,-0.1021023589109406,207.52588513104746,-259.6055861517144,0.0006895013628292604,0.9996723771823325,0.5965285596676672,0.36678680732903624,0.7555683279301275
0.6352705410821643,0.2487208729501057,-0.09624825077497336,201.83046808510537,-263.87714893617095,0.0007149426395965976,0.999686654372409,0.5801572095347567,0.35636918053076405,0.7496107128145975
0.6372745490981964,0.25787066350058124,-0.09087406070720343,196.13505103916313,-268.14871172062766,0.0007412435098465394,0.9996997611226299,0.563785859401846,0.3459515537324914,0.7444059581507888
0.6392785571142284,0.2673245684611094,-0.08605574682267951,189.90135580328146,-271.54932209835926,0.0007684185502313939,0.9997115121838641,0.5458672405359657,0.3376580341029897,0.7354475335692182
0.6412825651302605,0.2770832415109463,-0.0818905416066962,183.45856272320637,-274.5739721230194,0.0007964696397377023,0.9997216704223515,0.5273475745489152,0.33028141885880963,0.7254063164945339
0.6432865731462926,0.2871374677381554,-0.07850298174107789,176.8814161316128,-277.24857419297496,0.0008253702903052329,0.999729932113966,0.5084417123692221,0.3237585119966954,0.7146117115609394
0.6452905811623246,0.29745908206338517,-0.07605331896728841,169.93167560336295,-278.7929609770305,0.0008550395420373068,0.9997359064315277,0.4884648371723617,0.31999201107880687,0.6998150780143766
0.6472945891783567,0.307984411574438,-0.07474406009829072,162.98193507511337,-280.33734776108594,0.0008852943685583026,0.9997390994948087,0.46848796197550224,0.31622551016091843,0.685843081557228
0.6492985971943888,0.318587859851235,-0.07481898204011253,155.96026472479724,-281.4488594750225,0.0009157737457409324,0.9997389167727305,0.4483043260985116,0.31351471909872586,0.6710601662496393
0.6513026052104208,0.32904757156307624,-0.07653859226240797,148.87151841147846,-282.0,0.0009458399553516688,0.9997347229311698,0.42792788185174574,0.3121705795899934,0.6550581153104997
0.6533066132264529,0.33902377037497183,-0.08011072653119644,141.75224710405087,-282.0,0.0009745163178423548,0.999726011093474,0.4074636941856078,0.3121705795899934,0.6379659231135493
0.655310621242485,0.34809675928134093,-0.08558091711248786,134.63581000277054,-281.9544762503463,0.001000596423467633,0.999712670214066,0.3870076533822565,0.3122816043971379,0.6215629182721834
0.657314629258517,0.35589101835526127,-0.09275821261439758,127.57151458608776,-281.07143932326096,0.001023000848516134,0.9996951659914354,0.3667014926962312,0.31443518368875983,0.6033020027454825
0.6593186372745491,0.3622077253835376,-0.1012690649400031,120.70845163244326,-279.20241475212663,0.0010411580829403641,0.9996744094468784,0.3469737702674806,0.3189934218421891,0.5829959790593147
0.6613226452905812,0.3670497300699998,-0.11070152335153814,113.80809412358931,-277.45202353089735,0.0010550763181508558,0.9996514052593058,0.3271388454659346,0.3232623331081296,0.5638328014271542
0.6633266533066132,0.3705479347989601,-0.12071374061758537,107.29931057807099,-274.6496552890355,0.0010651318301515469,0.999626987136908,0.30842949134779724,0.3300968402822437,0.5427434670489211
0.6653306613226453,0.37287658906929483,-0.13106290661980757,101.08001521747607,-271.18858012427205,0.0010718254952669592,0.9996017472529299,0.2905522646044407,0.3385378234087182,0.5208044360351458
0.6673346693386772,0.3742047589777404,-0.1415887842827887,95.37122114579589,-266.97601762149657,0.0010756432902469862,0.9995760763987835,0.2741424625073759,0.34881155839348765,0.4980599456520252
0.6693386773547093,0.37467770675583084,-0.15218851525731047,89.90204543220274,-262.4183711935023,0.001077002768158304,0.9995502254287694,0.25842143807257395,0.3599268953231223,0.4753441627975862
0.6713426853707414,0.37441400101273703,-0.16279613431675674,84.63709327199084,-257.63709327199086,0.0010762447518414262,0.9995243552210361,0.2432874497179785,0.3715876320413962,0.45297079612873176
0.6733466933867734,0.37350888646543456,-0.17336877683684285,79.92450817921466,-252.3094098150576,0.0010736430201254252,0.999498570315229,0.22974122826261695,0.3845809604212625,0.43041253149834063
0.6753507014028055,0.3720383743746666,-0.18387800081922276,76.03043644695904,-246.38913348609157,0.0010694160656954958,0.9994729400766228,0.21854780533025286,0.399019523647405,0.407841155098626
0.6773547094188376,0.3700630654051736,-0.19430434781939607,72.62135821250425,-240.13915672292447,0.0010637380838200003,0.9994475119611067,0.20874848546367558,0.4142621710582008,0.3855748375018847
0.6793587174348696,0.3676319472879742,-0.20463407811078568,69.93826856649908,-233.56787996549352,0.0010567498886465685,0.999422319477575,0.20103600371239913,0.4302884153864311,0.3639051027459322
0.6813627254509017,0.3647844937517506,-0.2148569922070328,69.0,-226.5152893520287,0.0010485649465338703,0.9993973875008677,0.19833897150264995,0.4474885036631206,0.34352692057810535
0.6833667334669338,0.3615526652948367,-0.22496505642144646,68.73630699087636,-219.41784194525815,0.0010392751272263732,0.9993727356238025,0.1975809917892873,0.4647979901520351,0.32439880488467465
0.6853707414829658,0.3579625969277254,-0.23495156629964128,68.37342178052624,-212.38604753631634,0.001028955555232793,0.9993483801974216,0.19653788629081825,0.48194735996607446,0.30592755773381075
0.6873747494989979,0.3540353541630479,-0.24481040432201615,69.38023878424406,-205.33832851029157,0.0010176667829025412,0.9993243361413314,0.19943195946485842,0.49913556725624303,0.2895570360592612
0.68937875751503,0.3497883832151738,-0.254535828072083,70.86548305296742,-198.40355084109774,0.001005458958992353,0.9993006174603251,0.20370126121397142,0.5160483294774929,0.27461836209243173
0.691382765531062,0.3452354085525885,-0.26412183611762896,73.39117079578891,-191.75393480982586,0.0009923715341828632,0.9992772387908913,0.21096129468133468,0.5322656301847823,0.26218679126044003
0.6933867735470941,0.3403878976683184,-0.2735623396398782,76.12721226592251,-185.18196933519374,0.0009784374715287468,0.9992542149826401,0.2188259852780723,0.5482935541790116,0.25082307167776957
0.6953907815631262,0.33525453310504477,-0.28285051837692776,79.645486389311,-179.03177041603348,0.0009636817288066042,0.9992315626690488,0.22893918630846738,0.5632928601257929,0.24201538306344822
0.6973947895791582,0.3298422676937141,-0.29197899706670977,83.80643230146057,-173.25809026471924,0.000948124291774971,0.9992092998371475,0.24089973315910365,0.5773738998070663,0.23552187931655807
0.6993987975951903,0.32415677823761335,-0.30093985168674514,88.8059632981627,-168.19403670183732,0.0009317814782791422,0.9991874458123009,0.25527077425883576,0.589724278993001,0.23234840823031788
0.7014028056112224,0.3182020777405821,-0.3097241087213667,93.98848217526397,-163.34101188315736,0.0009146648236097583,0.9991660224794122,0.27016780996720297,0.6015599943868443,0.23058780974526483
0.7034068136272544,0.3119815362421621,-0.31832214962027955,99.98045004904041,-159.5097749754798,0.0008967840148708283,0.9991450532965157,0.28739158888548905,0.6109037400588464,0.2328105905223637
0.7054108216432865,0.3054982352065209,-0.3267238162222177,106.3853756974543,-156.40626755823388,0.0008781479096628406,0.9991245630376668,0.30580240577907386,0.6184726752869988,0.23787466268535826
0.7074148296593186,0.2987552787376952,-0.3349185417540953,112.97185269133854,-153.7223278024747,0.0008587654306640866,0.9991045774734568,0.32473508799346323,0.6250183552021548,0.24483637401001632
0.7094188376753506,0.2917558624507291,-0.34289531633007797,119.81720254318252,-151.7665135590907,0.0008386457635992206,0.999085123455155,0.34441189450347126,0.6297882588422138,0.254422751462619
0.7114228456913827,0.2845046487117746,-0.3506438941202317,126.6821394408218,-149.90255150845402,0.0008178023103364653,0.9990662259706257,0.36414500354272294,0.6343341503553466,0.26503614213798876
0.7134268537074148,0.2770068576205338,-0.35815412438825,133.73157511006482,-148.9085531112419,0.0007962500759367778,0.9990479097758161,0.3844084502139078,0.6367583461035438,0.2784120480405402
0.7154308617234468,0.26926926766183673,-0.3654170483538616,140.79587052674793,-148.02551618415652,0.0007740085450046444,0.9990301967196923,0.4047146108999341,0.6389119253951657,0.2928531795726286
0.7174348697394789,0.26129936348572264,-0.3724242560806311,147.91355325400494,-148.0,0.0007510992320008017,0.9990131073126814,0.42517423222756207,0.6389741550982677,0.30976304293342083
0.719438877755511,0.2531056521682876,-0.3791683949540839,155.03249465796992,-148.0046420939957,0.0007275465903270382,0.9989966594865802,0.44563747159350475,0.6389628338078526,0.3275691969991937
0.721442885771543,0.24469676498817095,-0.38564225993289153,162.07791041723138,-149.02226011920897,0.000703375430402601,0.9989808708132786,0.4658893631224972,0.6364810337396334,0.3478041350234889
0.7234468937875751,0.23608141064657115,-0.39183870709919666,168.92326026907537,-150.97807436259296,0.0006786107851961692,0.9989657587155966,0.48556616963250526,0.6317111300995745,0.369991906964795
0.7254509018036072,0.22726772832795517,-0.39774964287592823,175.29628513390787,-154.14814256695394,0.0006532760506131926,0.9989513429324142,0.5038852884303558,0.6239798642503934,0.39384606810874667
0.7274549098196392,0.21826357207562072,-0.40336614205674454,181.79284515867255,-157.05407649657394,0.0006273938029271467,0.9989376452308161,0.5225595063088639,0.6168927776952394,0.41837141087518614
0.7294589178356713,0.2090758501033754,-0.40867700240009003,187.83916065083764,-160.74225760774115,0.0006009838996455897,0.9989246929311949,0.5399395062522924,0.6078979211709743,0.44378797792675617
0.7314629258517034,0.19971096296183538,-0.41366876791730905,193.80868357978397,-164.60496204559084,0.0005740647390094819,0.9989125188504552,0.5570987676738678,0.5984774314588777,0.4700680041910327
0.7334669338677354,0.1901745785447184,-0.4183244422034908,199.8650103744626,-168.33215026747328,0.000546652613253759,0.9989011644399842,0.5745075448845997,0.5893874431192992,0.4971325938068352
0.7354709418837675,0.18047203297735567,-0.4226229655576235,205.57195323463353,-172.57195323463353,0.000518762860952479,0.9988906810608682,0.5909120257151894,0.579047273200504,0.5248326919474763
0.7374749498997996,0.17060836953206987,-0.4265374343088696,210.54868125385804,-177.65841750462963,0.0004904099788802142,0.9988811343266583,0.6052175201612968,0.5666422380502816,0.552525341243797
0.7394789579158316,0.16058921951951066,-0.4300344393222702,215.1063276818524,-183.12759321822287,0.0004616101541146815,0.9988726057166437,0.6183183738569653,0.5533038337347197,0.58027851101884
0.7414829659318637,0.150421184109668,-0.43307087415445616,219.66397410984655,-188.59676893181586,0.00043238236157278705,0.9988652003602262,0.6314192275526332,0.5399654294191584,0.6087333985739317
0.7434869739478958,0.14011341287996368,-0.43559151037478006,222.59765436646884,-195.0611935217606,0.000402752901512147,0.9988590529503056,0.6398520264630114,0.5241997796460424,0.6341967991920605
0.7454909819639278,0.12967973175799752,-0.43752394303332837,225.4020727262856,-201.60483636133313,0.00037276151625537335,0.9988543400704382,0.6479132649144492,0.5082409298190168,0.6600102218597157
0.7474949899799599,0.11914290920073871,-0.4387726200188092,227.53881701672387,-208.38585955853355,0.000342473653227654,0.9988512947562328,0.6540552890438649,0.4917031490246165,0.68453968672497
0.749498997995992,0.1085422537891545,-0.4392085806785539,229.49463126010787,-215.23120941037752,0.00031200230407421034,0.9988502315211404,0.6596772337610101,0.47500848628441017,0.709172682506922
0.751503006012024,0.09794865012363534,-0.4386559783606396,230.6548663527944,-222.23893082235517,0.00028155122500861943,0.9988515792257174,0.6630123038332525,0.4579178264814237,0.731821375310714
0.7535070140280561,0.08749415974155696,-0.4368749673560947,231.61330410079913,-229.29312870559383,0.00025150002399462274,0.9988559228135108,0.6657673119084492,0.4407138183427275,0.7544339046512993
0.7555110220440882,0.07742890076673609,-0.43355135443459847,232.0,-236.384918381608,0.00022256766003848086,0.9988640285492298,0.6668788607045621,0.42341813011232377,0.7755685950837239
0.7575150300601202,0.0682123310167158,-0.4283340822973663,231.2595157764913,-243.44290534105227,0.00019607483445874957,0.998876752602878,0.6647503552073932,0.4062048810508524,0.7928923388909697
0.7595190380761523,0.060572979116608354,-0.4210147529911219,230.08911478319808,-250.46531130081158,0.0001741156866498492,0.9988946032221884,0.6613860634790534,0.3890784080932408,0.8090770317449709
0.7615230460921844,0.05529670069926632,-0.41184910678042036,227.386699226306,-257.0221679561567,0.000158949141220034,0.9989169566994534,0.6536180298250427,0.37308733198083777,0.8186714893035898
0.7635270541082164,0.05270546323534083,-0.4015873517780921,223.51178289075438,-262.9842894789942,0.0001515006865314236,0.9989419834026305,0.6424796686561712,0.35854671532950844,0.8226915747376797
0.7655310621242485,0.0525034210055958,-0.390994354393187,219.24022010629767,-268.6797065249364,0.0001509199206176884,0.9989678179505466,0.6302011560564881,0.344656546265145,0.8250865403094335
0.7675350701402806,0.05415494455770397,-0.38052127614121795,214.08929945465283,-273.5464203272083,0.0001556671884834498,0.9989933600357653,0.6153949487472272,0.33278744573113067,0.8223496938273933
0.7695390781563125,0.05718792949701537,-0.37035746699572597,207.8177365866558,-276.87290536533766,0.00016438543650440705,0.9990181478653888,0.5973674802116803,0.3246747054002691,0.8113906148047558
0.7715430861723446,0.061260656035444526,-0.3605614015213773,201.20765912162088,-279.51693635135166,0.0001760923987195315,0.9990420388297391,0.5783669589657692,0.31822635629591056,0.7978146717655585
0.7735470941883766,0.06613776526060822,-0.35113853275541546,194.2605854511414,-280.9565690914764,0.00019011154114888007,0.9990650196297707,0.5583977495924932,0.31471533296089904,0.7799302608226434
0.7755511022044087,0.0716562574914529,-0.3420755045539938,187.14490859559638,-281.0,0.0002059743248200554,0.9990871228388839,0.5379438940986669,0.31460941224304023,0.7576718066652318
0.7775551102204408,0.07770130075061502,-0.33335430483522127,180.0661066937766,-280.5110177822961,0.0002233506677578995,0.9991083923855318,0.517596034842465,0.31580195804233574,0.7345821775449537
0.7795591182364728,0.08418988337030552,-0.32495750250444305,173.27599931236344,-278.5103997249454,0.0002420019547622384,0.9991288707812372,0.49807802158997166,0.32068113068687776,0.7081320384853722
0.7815631262525049,0.09106035975871357,-0.3168699446678714,166.69146274175415,-275.8148776450525,0.0002617509869449934,0.9991485949813725,0.47915091707930163,0.32725505795232923,0.6807757585020311
0.783567134268537,0.09826641343665102,-0.30907971915396154,160.71302466297064,-271.97041973037653,0.00028246462861274705,0.9991675940377305,0.4619660292570089,0.3366310474479053,0.6521063894151541
0.785571142284569,0.10577246503182401,-0.3015779900056952,155.52304620242992,-267.1538077530374,0.00030404060764799973,0.9991858894997315,0.44704755114129074,0.3483779580152963,0.6231307278869724
0.7875751503006011,0.11355089290359004,-0.2943589774305444,151.18818017789258,-261.5087477446023,0.0003263995262566029,0.9992034954633225,0.43458707478029773,0.3621453146922766,0.5944254597594103
0.7895791583166332,0.12158009392177421,-0.28741989417715164,147.0008262867936,-255.75113614434122,0.0003494792867194244,0.9992204187261431,0.4225506187791645,0.3761871658665546,0.566424236357519
0.7915831663326652,0.12984286517849403,-0.280760610290137,142.83924768861357,-249.97494676405898,0.0003732304396588369,0.9992366596051326,0.4105882532865491,0.3902743251373692,0.5391114897697029
0.7935871743486973,0.13832557596892633,-0.27438382861782407,139.11980903968492,-243.94622109259817,0.0003976138039157757,0.9992522115084964,0.39989680928371263,0.40497737816118945,0.5127621847389743
0.7955911823647294,0.14701736303087723,-0.26829509966079496,136.38976744349614,-237.3727131826564,0.00042259815328370875,0.9992670608994925,0.39204936519171935,0.421009063897017,0.4877538357582921
0.7975951903807614,0.1559092805783055,-0.2625025729966984,133.92403526047818,-230.6961410419127,0.00044815777329882886,0.9992811879026644,0.3849616726528677,0.4372921060442855,0.46368237125306416
0.7995991983967935,0.16499341157011205,-0.25701643237713506,132.19735834412796,-223.78943337651185,0.0004742699066018761,0.9992945676815467,0.3799983781064,0.45413641022371387,0.4412359653476713
0.8016032064128256,0.17426264060394914,-0.2518492187925605,131.30366937327327,-216.7330243594593,0.0005009141001264232,0.9993071696507619,0.37742948895679734,0.4713458109477557,0.4208183468270055
0.8036072144288576,0.18370946276332642,-0.24701437541462215,130.45803913566226,-209.66431308529806,0.0005280687811562686,0.9993189610246646,0.37499874357130014,0.4885852148181403,0.40107724579193604
0.8056112224448897,0.19332531747985138,-0.24252516151714468,130.42499779142312,-202.6000176686151,0.0005557093425272028,0.9993299094661041,0.37490376695922106,0.5058138491511157,0.38369457003021884
0.8076152304609218,0.2031001905849307,-0.23839366883860044,131.30803471850848,-195.5357222519321,0.0005838069987334398,0.9993399854853544,0.37744203704497425,0.5230424834840912,0.3688814359662287
0.8096192384769538,0.21302203549880894,-0.23462880639168454,132.60682041091127,-188.5840857078737,0.0006123271221483297,0.9993491673548242,0.3811753677469094,0.5399963616798544,0.35583322797103006
0.8116232464929859,0.2230773067876031,-0.23123634909438037,135.35112411844636,-182.01685246835018,0.0006412307767222365,0.9993574409904549,0.38906380796203144,0.5560127445445789,0.3474266183339634
0.813627254509018,0.2332515615744074,-0.22821940341959715,137.74559417923894,-175.31233629813102,0.0006704764467254347,0.9993647988160791,0.39594665910915444,0.5723639375033899,0.3385729961419604
0.81563126252505,0.2435300697007102,-0.22557934942518468,140.22357692618672,-168.64866483027802,0.0007000217906435872,0.9993712374659665,0.4030695656226463,0.5886155170683661,0.3306215116429255
0.8176352705410821,0.25389847521009495,-0.22331796436767481,144.0457392134187,-162.64240980748488,0.0007298255425979899,0.9993767526056858,0.41405628644823766,0.6032637679404805,0.32774425990515843
0.8196392785571142,0.26434284503189726,-0.22143841140516843,148.1430937814,-156.8569062186,0.000759847652285665,0.9993813365208238,0.4258340413887463,0.6173736430073726,0.326617948084169
0.8216432865731462,0.27484969872650505,-0.21994736613713406,153.17717879998887,-151.82282120001113,0.0007900493704815683,0.9993849729307107,0.4403044072589465,0.6296509339289209,0.3298761303866867
0.8236472945891783,0.28540548711425723,-0.21885570318654882,158.28985156782338,-146.92753710804416,0.0008203917503689072,0.9993876353139608,0.4550006718734668,0.6415897126183507,0.33429908033798944
0.8256513026052104,0.29599599775572977,-0.218180323989903,165.29493783928163,-146.0,0.0008508339386053931,0.9993892824507987,0.47513663718315324,0.6438518204043614,0.3513539100777478
0.8276553106212424,0.30660532121162265,-0.21794529987368794,172.31518963311652,-145.0,0.0008813302038601864,0.9993898556352876,0.4953161954509626,0.6462906530574082,0.3691448828330547
0.8296593186372745,0.31721439925354966,-0.218184713555167,178.96630244265003,-146.98315122132502,0.0009118257636779712,0.9993892717453836,0.5144346718856144,0.6414540791029112,0.39182331562117784
0.8316633266533066,0.327798630567588,-0.21894562187158995,185.33397228011913,-150.16698614005958,0.0009422499021268481,0.9993874160173356,0.5327383977759342,0.6336892385411905,0.4165422999027945
0.8336673346693386,0.3383239310507855,-0.22029286481417482,190.71697445863873,-154.71697445863873,0.0009725046452079167,0.9993841303172556,0.5482117182930951,0.6225925784588581,0.4414426305058174
0.8356713426853707,0.3487395446964668,-0.22231739129065356,194.88442476254505,-160.47404127090843,0.0010024440959043427,0.9993791928359779,0.5601909618737501,0.6085520559313226,0.46543764935567433
0.8376753507014028,0.35896405926582436,-0.22514912846888133,198.54725963195366,-166.5787660532561,0.001031834236539129,0.9993722867028827,0.5707196995662507,0.593663653794269,0.48914375872049987
0.8396793587174348,0.36885636306506525,-0.22897705721172953,201.59536494326434,-172.98841235816087,0.0010602694446743925,0.9993629510252711,0.5794814107615713,0.5780315990913862,0.5120911248447767
0.8416833667334669,0.3781499932914297,-0.23407904039484714,202.91686803443372,-179.95964222381915,0.0010869837788863208,0.9993505081420887,0.5832800421230222,0.5610299360631237,0.5310736810917296
0.843687374749499,0.38630273162210105,-0.24083687258714548,203.99940438338103,-186.99612849197675,0.0011104186446172714,0.9993340269202745,0.5863917688775794,0.5438691235896252,0.5500025370965169
0.845691382765531,0.39222664560336856,-0.24958040074266435,203.8422650891832,-194.10414437571768,0.0011274468041290798,0.9993127029183059,0.5859400754573786,0.5265338623539824,0.5655256427176695
0.8476953907815631,0.3943956536313619,-0.25988921550473165,202.83544808546534,-201.15186340174253,0.001133681569657387,0.9992875614442499,0.5830460022833384,0.5093456550638137,0.5786650206260779
0.8496993987975952,0.392392341103976,-0.27025350149214006,201.61680744955694,-208.1495776513292,0.0011279230921750665,0.9992622846851583,0.5795430467709122,0.49227940105523066,0.5915956995940057
0.8517034068136272,0.38741635680276243,-0.27959816527319653,199.3654961883412,-214.9035114349764,0.0011136197355299067,0.9992394946139974,0.5730717024218996,0.4758076868071558,0.6011169057742065
0.8537074148296593,0.38068855143506725,-0.28779108144258614,196.9060855821507,-221.5837717809315,0.0010942808080357232,0.9992195134625197,0.5660021811156021,0.4595156497445866,0.6104011963419687
0.8557114228456913,0.37291054682047853,-0.29500294362972107,193.7481551297575,-227.94072852292436,0.0010719231060705,0.9992019249375286,0.556924779985101,0.44401209606820824,0.6172081445805252
0.8577154308617234,0.36445502024542187,-0.3014111105818215,189.91001160397002,-233.92598375444197,0.0010476178822384702,0.9991862964907197,0.5458921214433005,0.42941506017276376,0.621494794795992
0.8597194388777555,0.3555302660093416,-0.30714996734675604,185.5060968908833,-239.4939031091167,0.0010219638738892228,0.9991723003794502,0.5332331661566482,0.41583583664105167,0.6235301937620796
0.8617234468937875,0.34626151511609027,-0.3123161436010087,180.202021243144,-244.19865250457067,0.0009953210547691974,0.9991597009401099,0.517986718203824,0.40436174019101623,0.6210647188374121
0.8637274549098196,0.33672882173057533,-0.3169781841407768,174.14936727267138,-247.9253163636643,0.0009679195388020504,0.9991483310034116,0.5005884984449115,0.3952730306845292,0.6142861012016964
0.8657314629258517,0.32698633747671957,-0.32118478742533446,167.78169743520235,-251.10915128239884,0.0009399149836311734,0.9991380718019628,0.48228477255459185,0.3875081901228087,0.6057839840728645
0.8677354709418837,0.3170724953447914,-0.32497030243276176,161.3155835120653,-254.07376659517388,0.0009114178640357202,0.9991288395643542,0.46369807132076624,0.3802779894942903,0.5971478612501205
0.8697394789579158,0.30701558058526957,-0.3283577288534608,154.43762080111645,-255.76039653314726,0.0008825094853416132,0.9991205781981896,0.44392751986970574,0.3761645813279545,0.5843630552630696
0.8717434869739479,0.29683734083368557,-0.33136117122309344,147.33817968287383,-256.0,0.0008532523606454313,0.999113253304867,0.423520333643099,0.3755802285692108,0.5674408945358247
0.8737474949899798,0.2865552210167473,-0.3339871399636378,140.23407664701895,-255.8468153294038,0.0008236966350025536,0.9991068490065566,0.40309974683758726,0.37595382034580704,0.5501457176956573
0.8757515030060119,0.27618393552043385,-0.3362352779315282,133.59786783624054,-253.55872070174433,0.0007938846045895223,0.999101366174272,0.38402411161720157,0.38153410023700396,0.5282547348533706
0.877755511022044,0.26573676066471075,-0.3380990864413992,127.34209436195798,-250.17104718097897,0.0007638544318939794,0.999096820657219,0.36604202934411806,0.3897960690373086,0.5046755509917932
0.879759519038076,0.25522662071670416,-0.339566528344542,122.71676655479627,-244.8612775913271,0.0007336432674354788,0.9990932418119892,0.35274662702332005,0.40274570849270663,0.47954352122871347
0.8817635270541081,0.244667157424367,-0.340621564693312,118.73051385468266,-238.97401847291022,0.0007032903241163174,0.9990906687548916,0.34128823194085345,0.4171037482676494,0.4547068780742998
0.8837675350701402,0.23407359012051895,-0.34124653990128384,116.33942872525799,-232.34857181314499,0.0006728393495715446,0.9990891445449471,0.33441511070396407,0.43326210392250486,0.4315441435883399
0.8857715430861722,0.223463175170546,-0.3414268267586944,115.0,-225.48725090903437,0.0006423399468411972,0.9990887048554723,0.3305649525044166,0.4499957173864826,0.4103520391644361
0.8877755511022043,0.21285472377286857,-0.3411549673041788,115.92589844997893,-218.4446093001264,0.0006118461882984262,0.9990893678751871,0.3332264270882531,0.46717154170599356,0.39356903322381287
0.8897795591182364,0.20226739322159962,-0.3404324971318247,118.05330375944425,-211.68273172922267,0.0005814131411607846,0.9990911298590343,0.33934160652374046,0.4836626295218185,0.38042500758047404
0.8917835671342684,0.1917195453270929,-0.33926755866365405,120.99927918773687,-205.20158578697888,0.000551093586045381,0.9990939709490092,0.3478097476327207,0.49946905987492457,0.3702136245760955
0.8937875751503005,0.1812283196871214,-0.3376710281868115,125.14474981406192,-199.5058335399312,0.0005209367903463349,0.9990978646196677,0.35972581111706503,0.5133600464386893,0.364969369751291
0.8957915831663326,0.17081028850514188,-0.3356512278261827,129.90729123358258,-194.2141208515749,0.0004909903904953732,0.9991027905747398,0.37341563092701424,0.5262656481335948,0.3626477507911995
0.8977955911823646,0.16048263284926398,-0.33321110001396864,134.87907378694769,-189.12092621305231,0.0004613037730921798,0.9991087416381259,0.3877069097410614,0.5386870975263467,0.36194724970809355
0.8997995991983967,0.15026483422348585,-0.33034574805504047,141.23081563551133,-185.93405267556818,0.0004319329372884403,0.9991157297520459,0.4059648509801115,0.5464593487706938,0.369354746859462
0.9018036072144288,0.14018065654553324,-0.3270410657668069,148.07514833709462,-183.97495055430178,0.00040294619193923594,0.9991237893191183,0.42563873371422717,0.5512372709946917,0.3814278082864773
0.9038076152304608,0.13026138200275322,-0.3232706587876916,154.86514585775683,-181.87640773460618,0.00037443345699912856,0.9991329847107743,0.4451564311744255,0.5563552657471822,0.3938831339041064
0.9058116232464929,0.1205507382019567,-0.3189922065021617,161.9221327851841,-181.0,0.0003465204265052363,0.9991434191399127,0.46544158376998446,0.5584926775477226,0.41048649401222204
0.907815631262525,0.11111384050122525,-0.3141408739468152,169.02723466920622,-181.17120577820103,0.00031939427311192037,0.9991552507281595,0.4858650417424264,0.5580751353054556,0.43030624399770157
0.909819639278557,0.1020549124135578,-0.30861782823181794,175.99796298536742,-182.57084656724783,0.00029335458499852283,0.9991687205123935,0.5059022458707135,0.554661645646592,0.4532268905529211
0.9118236472945891,0.09355690125600935,-0.30226943315417915,182.64387763992985,-184.98632658395792,0.00026892724017524457,0.9991842031856033,0.5250057803240512,0.5487706941090574,0.4782210941430169
0.9138276553106212,0.08598243971399992,-0.2948525900726348,188.8669912835612,-188.4334956417806,0.0002471546182632369,0.999202291624693,0.5428939826374127,0.5403636256502667,0.5049985013524355
0.9158316633266532,0.0801652831615764,-0.2860170827468922,194.8239816543443,-192.25918532347544,0.00023043333061573574,0.9992238399484654,0.5600172194981708,0.5310334087341251,0.53256352584847
0.9178356713426853,0.07811989811998749,-0.2757208679583831,199.4032985884173,-197.60494788262594,0.00022455391662333502,0.9992489506932942,0.5731803645835145,0.5179959884494337,0.5598827746454451
0.9198396793587174,0.08209397261651835,-0.26605164441475726,203.1818617157396,-203.63643619289934,0.00023597730572937623,0.9992725323114021,0.58404176058976,0.5032861978118688,0.5868316366061636
0.9218436873747494,0.09016014370203575,-0.25924005743884415,206.4726870426626,-209.9453740853252,0.0002591633358317811,0.999289144632138,0.5935011650931916,0.48789975407377617,0.6134551814247321
0.9238476953907815,0.09975718838081434,-0.2547478036076289,208.1382832506813,-216.82969950408784,0.00028674982816589593,0.9993001004874673,0.5982888844966284,0.4711100364482976,0.6365912968177402
0.9258517034068136,0.10993463019008697,-0.251762246093496,209.0,-223.87765295294173,0.00031600465919458,0.9993073817626204,0.6007658702036789,0.4539212574400787,0.6579860656359522
0.9278557114228456,0.12036518651061598,-0.24982181241017676,208.41225479675444,-230.93872601622775,0.0003459870622788436,0.9993121141556484,0.5990764096367609,0.43670048188778743,0.6750099676793246
0.9298597194388777,0.13091315688091104,-0.24866873976332984,205.75625065754292,-237.48749868491416,0.0003763069694481878,0.9993149263068708,0.5914417845747609,0.4207291212660144,0.6841199326115722
0.9318637274549098,0.14151188603841683,-0.24814985380482132,202.08469472902,-243.5537403613067,0.00040677278162695366,0.9993161917828897,0.5808879783910262,0.4059345729843548,0.6890601755937114
0.9338677354709418,0.1521236163907864,-0.24816944394148668,196.53720669081048,-247.87767598551372,0.00043727596545235125,0.9993161440058247,0.5649418469138998,0.39538921759436635,0.6833931430664817
0.9358717434869739,0.16272389043852184,-0.24866666082588754,190.09518487464808,-250.72620378133797,0.00046774621838385967,0.9993149313770513,0.5464243979078812,0.3884421349927986,0.6712342388863237
0.937875751503006,0.17329448021393945,-0.24960350664472372,183.00961942201042,-251.0,0.0004981311445321605,0.9993126465668775,0.5260570969746803,0.38777439183444495,0.6501912635656444
0.939879759519038,0.18381967396077084,-0.2509585672340316,175.9507354530339,-250.39014709060677,0.0005283855808019092,0.9993093418008655,0.5057664913752115,0.38926172102342876,0.6274236431629343
0.9418837675350701,0.19428385066346096,-0.252724033338408,169.237004007328,-248.0948016029312,0.0005584646249299316,0.9993050361244823,0.4864680190580187,0.3948596845487956,0.6014622781308183
0.9438877755511021,0.20466953378635994,-0.25490406515581415,163.11415982902108,-244.46849589741265,0.0005883180410016449,0.9992997193917013,0.4688680391015493,0.40370363731334424,0.5740205901436333
0.9458917835671342,0.21495582176128045,-0.25751279468882976,157.35853808855643,-240.35853808855643,0.0006178857479223088,0.9992933571369332,0.4523236319078964,0.4137271366202276,0.546925879724158
0.9478957915831663,0.22511711699918602,-0.2605720293481787,152.63628215545324,-235.04535269431656,0.0006470941659892793,0.9992858961755526,0.4387496118362446,0.4266851066513912,0.5198054801527093
0.9498997995991983,0.23512411606452155,-0.2641031292919264,147.14133171876261,-230.68479903125757,0.000675859063126187,0.9992772844137087,0.4229544985308641,0.43731976731022243,0.49411550037983887
0.9519038076152304,0.24494802415356112,-0.26811546024088684,142.59444293898665,-225.32407156497777,0.000704097669307588,0.9992674990099755,0.40988456745669444,0.4503936844990706,0.46869112111117783
0.9539078156312625,0.25456664877496255,-0.27259776056979285,139.2287773077527,-219.07194326938173,0.0007317461927087304,0.9992565674295726,0.4002100361563936,0.46564157913740817,0.4443278598823566
0.9559118236472945,0.2639657982514133,-0.27752388471190886,137.25266276378983,-212.26331381894917,0.0007587638396675553,0.9992445534371618,0.3945297386749295,0.48224668696361933,0.4223423745609073
0.9579158316633266,0.27313502066313144,-0.28286592984540515,137.0,-205.16906105549472,0.0007851205663721816,0.9992315250830562,0.3938034651574354,0.49954838225209974,0.4041466624145218
0.9599198396793587,0.28206224183691897,-0.28860328249240896,137.23045983736847,-198.07816065052612,0.0008107816658792208,0.9992175326400786,0.39446591685477356,0.5168419016992402,0.3876506147861587
0.9619238476953907,0.29072904565653984,-0.29472685969828255,139.46564722718026,-191.33588193204938,0.0008356942014705084,0.9992025982600354,0.4008909134926136,0.5332851911938039,0.3771232086894051
0.9639278557114228,0.2991061749126998,-0.3012409135380714,142.2088210965859,-184.7911789034141,0.0008597740739460377,0.9991867115728272,0.4087761060130608,0.549246626644534,0.36884181388794174
0.9659318637274549,0.3071474359885287,-0.3081649369264082,146.7594803151439,-179.36077952728417,0.0008828885007774029,0.9991698250384974,0.4218568751299861,0.5624904619621248,0.36790796355527555
0.9679358717434869,0.3147780658866002,-0.31553833629605044,153.43106038963683,-177.18964653678773,0.0009048225773846618,0.9991518425513507,0.4410341842643702,0.5677854919934547,0.37979078341263095
0.969939879759519,0.32187040380360316,-0.3234294338566435,160.17441417921182,-177.0872070896059,0.0009252093456166563,0.9991325974849516,0.46041780535281657,0.5680353246622019,0.3969783044206482
0.9719438877755511,0.3281835617316005,-0.33195319509925475,166.00969387405516,-181.00969387405516,0.0009433563782307548,0.9991118094577064,0.47719118757173723,0.5584690358111424,0.42097805068345573
0.9739478957915831,0.33318000663702724,-0.341298047747675,172.11321567775173,-184.0,0.0009577185484294792,0.9990890189259295,0.49473562579042096,0.5511761795885821,0.4444425333235251
0.9759519038076151,0.3353030321016045,-0.35161395237664705,178.55456857255402,-186.703045715036,0.0009638211380978588,0.9990638601608747,0.5132511519968079,0.544583903436074,0.46899034042291815
0.9779559118236472,0.33056469792893656,-0.3606856581935984,184.44146189994694,-190.48048729998231,0.0009502009014827454,0.9990417357885094,0.5301728964591402,0.5353713555537299,0.49506688300037793
0.9799599198396792,0.32060716862940425,-0.3640032946177026,189.29128047609063,-195.29128047609063,0.0009215782040917782,0.9990336446284673,0.544113592522427,0.5236386360687821,0.5210579785826737
0.9819639278557113,0.3100145773772447,-0.36386832618217196,193.36828396906185,-201.05242595359275,0.0008911300351859624,0.999033973793895,0.5558328487486389,0.509588166359297,0.5475175095839467
0.9839679358717434,0.2995576423039479,-0.3620914873071226,196.0,-207.50829308188827,0.0008610718069612135,0.9990383072065627,0.5633976581814405,0.49384338680307827,0.5716693186113349
0.9859719438877754,0.2893131221460061,-0.35933057316514444,196.0,-214.627564389316,0.0008316241607052085,0.9990450406141245,0.5633976581814405,0.4764806754726241,0.5895540583495584
0.9879759519038075,0.27927941356644137,-0.3558778276931834,194.40403326384504,-221.1919334723099,0.0008027824876613218,0.9990534612825241,0.5588100871524344,0.4604712778063676,0.6014429204171894
0.9899799599198396,0.26944747870146146,-0.3518853115520929,192.0,-227.5655439244262,0.0007745208086902905,0.9990631983612568,0.5518997467899824,0.4449271085179458,0.6108058207797643
0.9919839679358716,0.25981217136398066,-0.34743863706160094,187.27312181857616,-232.72687818142384,0.0007468243311913357,0.9990740430562017,0.5383124401679257,0.4323394779986908,0.6101648585608535
0.9939879759519037,0.2503745559170809,-0.3425862488132145,181.70095967279218,-237.0,0.0007196961146525586,0.9990858772191071,0.5222953835151606,0.42191804897710045,0.6051638996449069
0.9959919839679358,0.2411432428651125,-0.33735198118436527,175.58288866293992,-239.41711133706008,0.0006931609097779731,0.9990986427219152,0.5047091239256782,0.4160231189222287,0.5940091574291242
0.9979959919839678,0.23213639359850738,-0.3317403677171744,176.29494225494471,-239.0,0.0006672709210820622,0.9991123285080752,0.5067559062023884,0.4170403836710068,0.5949334557273023
1.0,0.2233843476702503,-0.3257393398614089,182.0,-237.0,0.0006421133589377946,0.9991269640107617,0.5231549683113376,0.42191804897710045,0.6061898151848439
